Time,Semester Break,Exam,Holiday,Semester
8/1/18,0,0,0,2
8/2/18,0,0,0,2
8/3/18,0,0,0,2
8/4/18,0,0,0,2
8/5/18,0,0,0,2
8/6/18,0,0,0,2
8/7/18,0,0,0,2
8/8/18,0,0,0,2
8/9/18,0,0,0,2
8/10/18,0,0,0,2
8/11/18,0,0,0,2
8/12/18,0,0,0,2
8/13/18,0,1,0,2
8/14/18,0,1,0,0
8/15/18,1,0,0,0
8/16/18,1,0,0,0
8/17/18,1,0,0,0
8/18/18,1,0,0,0
8/19/18,1,0,0,0
8/20/18,1,0,0,0
8/21/18,1,0,0,0
8/22/18,0,0,0,3
8/23/18,0,0,0,3
8/24/18,0,0,0,3
8/25/18,0,0,0,3
8/26/18,0,0,0,3
8/27/18,0,0,0,3
8/28/18,0,0,0,3
8/29/18,0,0,0,3
8/30/18,0,0,0,3
8/31/18,0,0,0,3
9/1/18,0,0,0,3
9/2/18,0,0,0,3
9/3/18,0,0,1,3
9/4/18,0,0,0,3
9/5/18,0,0,0,3
9/6/18,0,0,0,3
9/7/18,0,0,0,3
9/8/18,0,0,0,3
9/9/18,0,0,0,3
9/10/18,0,0,0,3
9/11/18,0,0,0,3
9/12/18,0,0,0,3
9/13/18,0,0,0,3
9/14/18,0,0,0,3
9/15/18,0,0,0,3
9/16/18,0,0,0,3
9/17/18,0,0,0,3
9/18/18,0,0,0,3
9/19/18,0,0,0,3
9/20/18,0,0,0,3
9/21/18,0,0,0,3
9/22/18,0,0,0,3
9/23/18,0,0,0,3
9/24/18,0,0,0,3
9/25/18,0,0,0,3
9/26/18,0,0,0,3
9/27/18,0,0,0,3
9/28/18,0,0,0,3
9/29/18,0,0,0,3
9/30/18,0,0,0,3
10/1/18,0,0,0,3
10/2/18,0,0,0,3
10/3/18,0,0,0,3
10/4/18,0,0,0,3
10/5/18,0,0,0,3
10/6/18,0,0,0,3
10/7/18,0,0,0,3
10/8/18,0,0,0,3
10/9/18,0,0,0,3
10/10/18,0,0,0,3
10/11/18,0,0,0,3
10/12/18,0,0,0,3
10/13/18,0,0,0,3
10/14/18,0,0,0,3
10/15/18,0,0,0,3
10/16/18,0,0,0,3
10/17/18,0,0,0,3
10/18/18,0,0,0,3
10/19/18,0,0,0,3
10/20/18,0,0,0,3
10/21/18,0,0,0,3
10/22/18,0,0,0,3
10/23/18,0,0,0,3
10/24/18,0,0,0,3
10/25/18,0,0,0,3
10/26/18,0,0,0,3
10/27/18,0,0,0,3
10/28/18,0,0,0,3
10/29/18,0,0,0,3
10/30/18,0,0,0,3
10/31/18,0,0,0,3
11/1/18,0,0,0,3
11/2/18,0,0,0,3
11/3/18,0,0,0,3
11/4/18,0,0,0,3
11/5/18,0,0,0,3
11/6/18,0,0,0,3
11/7/18,0,0,0,3
11/8/18,0,0,0,3
11/9/18,0,0,0,3
11/10/18,0,0,0,3
11/11/18,0,0,0,3
11/12/18,0,0,0,3
11/13/18,0,0,0,3
11/14/18,0,0,0,3
11/15/18,0,0,0,3
11/16/18,0,0,0,3
11/17/18,0,0,0,3
11/18/18,0,0,0,3
11/19/18,0,0,0,3
11/20/18,0,0,0,3
11/21/18,0,0,1,3
11/22/18,0,0,1,3
11/23/18,0,0,1,3
11/24/18,0,0,0,3
11/25/18,0,0,0,3
11/26/18,0,0,0,3
11/27/18,0,0,0,3
11/28/18,0,0,0,3
11/29/18,0,0,0,3
11/30/18,0,0,0,3
12/1/18,0,0,0,3
12/2/18,0,0,0,3
12/3/18,0,0,0,3
12/4/18,0,0,0,3
12/5/18,0,0,0,3
12/6/18,0,1,0,3
12/7/18,0,1,0,3
12/8/18,0,1,0,3
12/9/18,0,1,0,3
12/10/18,0,1,0,3
12/11/18,0,1,0,3
12/12/18,0,1,0,3
12/13/18,1,0,0,0
12/14/18,1,0,0,0
12/15/18,1,0,0,0
12/16/18,1,0,0,0
12/17/18,1,0,0,0
12/18/18,1,0,0,0
12/19/18,1,0,0,0
12/20/18,1,0,0,0
12/21/18,1,0,0,0
12/22/18,1,0,0,0
12/23/18,1,0,0,0
12/24/18,1,0,0,0
12/25/18,1,0,0,0
12/26/18,1,0,0,0
12/27/18,1,0,0,0
12/28/18,1,0,0,0
12/29/18,1,0,0,0
12/30/18,1,0,0,0
12/31/18,1,0,0,0
1/1/19,1,0,1,0
1/2/19,1,0,0,0
1/3/19,1,0,0,0
1/4/19,1,0,0,0
1/5/19,1,0,0,0
1/6/19,1,0,0,0
1/7/19,1,0,0,0
1/8/19,1,0,0,0
1/9/19,1,0,0,0
1/10/19,1,0,0,0
1/11/19,1,0,0,0
1/12/19,1,0,0,0
1/13/19,1,0,0,0
1/14/19,0,0,0,4
1/15/19,0,0,0,4
1/16/19,0,0,0,4
1/17/19,0,0,0,4
1/18/19,0,0,0,4
1/19/19,0,0,0,4
1/20/19,0,0,0,4
1/21/19,0,0,1,4
1/22/19,0,0,0,4
1/23/19,0,0,0,4
1/24/19,0,0,0,4
1/25/19,0,0,0,4
1/26/19,0,0,0,4
1/27/19,0,0,0,4
1/28/19,0,0,0,4
1/29/19,0,0,0,4
1/30/19,0,0,0,4
1/31/19,0,0,0,4
2/1/19,0,0,0,4
2/2/19,0,0,0,4
2/3/19,0,0,0,4
2/4/19,0,0,0,4
2/5/19,0,0,0,4
2/6/19,0,0,0,4
2/7/19,0,0,0,4
2/8/19,0,0,0,4
2/9/19,0,0,0,4
2/10/19,0,0,0,4
2/11/19,0,0,0,4
2/12/19,0,0,0,4
2/13/19,0,0,0,4
2/14/19,0,0,0,4
2/15/19,0,0,0,4
2/16/19,0,0,0,4
2/17/19,0,0,0,4
2/18/19,0,0,0,4
2/19/19,0,0,0,4
2/20/19,0,0,0,4
2/21/19,0,0,0,4
2/22/19,0,0,0,4
2/23/19,0,0,0,4
2/24/19,0,0,0,4
2/25/19,0,0,0,4
2/26/19,0,0,0,4
2/27/19,0,0,0,4
2/28/19,0,0,0,4
3/1/19,0,0,0,4
3/2/19,0,0,0,4
3/3/19,0,0,0,4
3/4/19,0,0,0,4
3/5/19,0,0,0,4
3/6/19,0,0,0,4
3/7/19,0,0,0,4
3/8/19,0,0,0,4
3/9/19,0,0,0,4
3/10/19,0,0,0,4
3/11/19,0,0,0,4
3/12/19,0,0,0,4
3/13/19,0,0,0,4
3/14/19,0,0,0,4
3/15/19,0,0,0,4
3/16/19,0,0,0,4
3/17/19,0,0,0,4
3/18/19,0,0,0,4
3/19/19,0,0,0,4
3/20/19,0,0,0,4
3/21/19,0,0,0,4
3/22/19,0,0,0,4
3/23/19,0,0,0,4
3/24/19,0,0,0,4
3/25/19,0,0,0,4
3/26/19,0,0,0,4
3/27/19,0,0,0,4
3/28/19,0,0,0,4
3/29/19,0,0,0,4
3/30/19,0,0,0,4
3/31/19,0,0,0,4
4/1/19,0,0,0,4
4/2/19,0,0,0,4
4/3/19,0,0,0,4
4/4/19,0,0,0,4
4/5/19,0,0,0,4
4/6/19,0,0,0,4
4/7/19,0,0,0,4
4/8/19,0,0,0,4
4/9/19,0,0,0,4
4/10/19,0,0,0,4
4/11/19,0,0,0,4
4/12/19,0,0,0,4
4/13/19,0,0,0,4
4/14/19,0,0,0,4
4/15/19,0,0,0,4
4/16/19,0,0,0,4
4/17/19,0,0,0,4
4/18/19,0,0,0,4
4/19/19,0,0,0,4
4/20/19,0,0,0,4
4/21/19,0,0,0,4
4/22/19,0,0,0,4
4/23/19,0,0,0,4
4/24/19,0,0,0,4
4/25/19,0,0,0,4
4/26/19,0,0,0,4
4/27/19,0,0,0,4
4/28/19,0,0,0,4
4/29/19,0,0,0,4
4/30/19,0,0,0,4
5/1/19,0,0,0,4
5/2/19,0,0,0,4
5/3/19,0,0,0,4
5/4/19,0,1,0,4
5/5/19,0,1,0,4
5/6/19,0,1,0,4
5/7/19,0,1,0,4
5/8/19,0,1,0,4
5/9/19,0,1,0,4
5/10/19,0,1,0,4
5/11/19,1,0,0,0
5/12/19,1,0,0,0
5/13/19,0,0,0,5
5/14/19,0,0,0,5
5/15/19,0,0,0,5
5/16/19,0,0,0,5
5/17/19,0,0,0,5
5/18/19,0,0,0,5
5/19/19,0,0,0,5
5/20/19,0,0,0,5
5/21/19,0,0,0,5
5/22/19,0,0,0,5
5/23/19,0,0,0,5
5/24/19,0,0,0,5
5/25/19,0,0,0,5
5/26/19,0,0,0,5
5/27/19,0,0,1,5
5/28/19,0,0,0,5
5/29/19,0,0,0,5
5/30/19,0,0,0,5
5/31/19,0,0,0,5
6/1/19,0,0,0,5
6/2/19,0,0,0,5
6/3/19,0,0,0,5
6/4/19,0,0,0,5
6/5/19,0,0,0,5
6/6/19,0,0,0,5
6/7/19,0,0,0,5
6/8/19,0,0,0,5
6/9/19,0,0,0,5
6/10/19,0,0,0,5
6/11/19,0,0,0,5
6/12/19,0,0,0,5
6/13/19,0,0,0,5
6/14/19,0,0,0,5
6/15/19,0,0,0,5
6/16/19,0,0,0,5
6/17/19,0,0,0,5
6/18/19,0,0,0,5
6/19/19,0,0,0,5
6/20/19,0,0,0,5
6/21/19,0,0,0,5
6/22/19,0,0,0,5
6/23/19,0,0,0,5
6/24/19,0,0,0,5
6/25/19,0,0,0,5
6/26/19,0,0,0,5
6/27/19,0,0,0,5
6/28/19,0,0,0,5
6/29/19,0,0,0,5
6/30/19,0,0,0,5
7/1/19,0,0,0,5
7/2/19,0,0,0,5
7/3/19,0,0,0,5
7/4/19,0,0,1,5
7/5/19,0,0,0,5
7/6/19,0,0,0,5
7/7/19,0,0,0,5
7/8/19,0,0,0,5
7/9/19,0,0,0,5
7/10/19,0,0,0,5
7/11/19,0,0,0,5
7/12/19,0,0,0,5
7/13/19,0,0,0,5
7/14/19,0,0,0,5
7/15/19,0,0,0,5
7/16/19,0,0,0,5
7/17/19,0,0,0,5
7/18/19,0,0,0,5
7/19/19,0,0,0,5
7/20/19,0,0,0,5
7/21/19,0,0,0,5
7/22/19,0,0,0,5
7/23/19,0,0,0,5
7/24/19,0,0,0,5
7/25/19,0,0,0,5
7/26/19,0,0,0,5
7/27/19,0,0,0,5
7/28/19,0,0,0,5
7/29/19,0,0,0,5
7/30/19,0,0,0,5
7/31/19,0,0,0,5
8/1/19,0,0,0,5
8/2/19,0,0,0,5
8/3/19,0,0,0,5
8/4/19,0,0,0,5
8/5/19,0,0,0,5
8/6/19,0,0,0,5
8/7/19,0,0,0,5
8/8/19,0,0,0,5
8/9/19,0,0,0,5
8/10/19,0,0,0,5
8/11/19,0,0,0,5
8/12/19,0,1,0,5
8/13/19,0,1,0,5
8/14/19,1,0,0,0
8/15/19,1,0,0,0
8/16/19,1,0,0,0
8/17/19,1,0,0,0
8/18/19,1,0,0,0
8/19/19,1,0,0,0
8/20/19,1,0,0,0
8/21/19,0,0,0,6
8/22/19,0,0,0,6
8/23/19,0,0,0,6
8/24/19,0,0,0,6
8/25/19,0,0,0,6
8/26/19,0,0,0,6
8/27/19,0,0,0,6
8/28/19,0,0,0,6
8/29/19,0,0,0,6
8/30/19,0,0,0,6
8/31/19,0,0,0,6
9/1/19,0,0,0,6
9/2/19,0,0,1,6
9/3/19,0,0,0,6
9/4/19,0,0,0,6
9/5/19,0,0,0,6
9/6/19,0,0,0,6
9/7/19,0,0,0,6
9/8/19,0,0,0,6
9/9/19,0,0,0,6
9/10/19,0,0,0,6
9/11/19,0,0,0,6
9/12/19,0,0,0,6
9/13/19,0,0,0,6
9/14/19,0,0,0,6
9/15/19,0,0,0,6
9/16/19,0,0,0,6
9/17/19,0,0,0,6
9/18/19,0,0,0,6
9/19/19,0,0,0,6
9/20/19,0,0,0,6
9/21/19,0,0,0,6
9/22/19,0,0,0,6
9/23/19,0,0,0,6
9/24/19,0,0,0,6
9/25/19,0,0,0,6
9/26/19,0,0,0,6
9/27/19,0,0,0,6
9/28/19,0,0,0,6
9/29/19,0,0,0,6
9/30/19,0,0,0,6
10/1/19,0,0,0,6
10/2/19,0,0,0,6
10/3/19,0,0,0,6
10/4/19,0,0,0,6
10/5/19,0,0,0,6
10/6/19,0,0,0,6
10/7/19,0,0,0,6
10/8/19,0,0,0,6
10/9/19,0,0,0,6
10/10/19,0,0,0,6
10/11/19,0,0,0,6
10/12/19,0,0,0,6
10/13/19,0,0,0,6
10/14/19,0,0,0,6
10/15/19,0,0,0,6
10/16/19,0,0,0,6
10/17/19,0,0,0,6
10/18/19,0,0,0,6
10/19/19,0,0,0,6
10/20/19,0,0,0,6
10/21/19,0,0,0,6
10/22/19,0,0,0,6
10/23/19,0,0,0,6
10/24/19,0,0,0,6
10/25/19,0,0,0,6
10/26/19,0,0,0,6
10/27/19,0,0,0,6
10/28/19,0,0,0,6
10/29/19,0,0,0,6
10/30/19,0,0,0,6
10/31/19,0,0,0,6
11/1/19,0,0,0,6
11/2/19,0,0,0,6
11/3/19,0,0,0,6
11/4/19,0,0,0,6
11/5/19,0,0,0,6
11/6/19,0,0,0,6
11/7/19,0,0,0,6
11/8/19,0,0,0,6
11/9/19,0,0,0,6
11/10/19,0,0,0,6
11/11/19,0,0,0,6
11/12/19,0,0,0,6
11/13/19,0,0,0,6
11/14/19,0,0,0,6
11/15/19,0,0,0,6
11/16/19,0,0,0,6
11/17/19,0,0,0,6
11/18/19,0,0,0,6
11/19/19,0,0,0,6
11/20/19,0,0,0,6
11/21/19,0,0,0,6
11/22/19,0,0,0,6
11/23/19,0,0,0,6
11/24/19,0,0,0,6
11/25/19,0,0,0,6
11/26/19,0,0,0,6
11/27/19,0,0,1,6
11/28/19,0,0,1,6
11/29/19,0,0,1,6
11/30/19,0,0,0,6
12/1/19,0,0,0,6
12/2/19,0,0,0,6
12/3/19,0,0,0,6
12/4/19,0,0,0,6
12/5/19,0,1,0,6
12/6/19,0,1,0,6
12/7/19,0,1,0,6
12/8/19,0,1,0,6
12/9/19,0,1,0,6
12/10/19,0,1,0,6
12/11/19,0,1,0,6
12/12/19,1,0,0,0
12/13/19,1,0,0,0
12/14/19,1,0,0,0
12/15/19,1,0,0,0
12/16/19,1,0,0,0
12/17/19,1,0,0,0
12/18/19,1,0,0,0
12/19/19,1,0,0,0
12/20/19,1,0,0,0
12/21/19,1,0,0,0
12/22/19,1,0,0,0
12/23/19,1,0,0,0
12/24/19,1,0,0,0
12/25/19,1,0,0,0
12/26/19,1,0,0,0
12/27/19,1,0,0,0
12/28/19,1,0,0,0
12/29/19,1,0,0,0
12/30/19,1,0,0,0
12/31/19,1,0,0,0
1/1/20,1,0,1,0
1/2/20,1,0,0,0
1/3/20,1,0,0,0
1/4/20,1,0,0,0
1/5/20,1,0,0,0
1/6/20,1,0,0,0
1/7/20,1,0,0,0
1/8/20,1,0,0,0
1/9/20,1,0,0,0
1/10/20,1,0,0,0
1/11/20,1,0,0,0
1/12/20,1,0,0,0
1/13/20,1,0,0,0
1/14/20,1,0,0,0
1/15/20,1,0,0,0
1/16/20,1,0,0,0
1/17/20,1,0,0,0
1/18/20,1,0,0,0
1/19/20,1,0,0,0
1/20/20,1,0,1,0
1/21/20,0,0,0,7
1/22/20,0,0,0,7
1/23/20,0,0,0,7
1/24/20,0,0,0,7
1/25/20,0,0,0,7
1/26/20,0,0,0,7
1/27/20,0,0,0,7
1/28/20,0,0,0,7
1/29/20,0,0,0,7
1/30/20,0,0,0,7
1/31/20,0,0,0,7
2/1/20,0,0,0,7
2/2/20,0,0,0,7
2/3/20,0,0,0,7
2/4/20,0,0,0,7
2/5/20,0,0,0,7
2/6/20,0,0,0,7
2/7/20,0,0,0,7
2/8/20,0,0,0,7
2/9/20,0,0,0,7
2/10/20,0,0,0,7
2/11/20,0,0,0,7
2/12/20,0,0,0,7
2/13/20,0,0,0,7
2/14/20,0,0,0,7
2/15/20,0,0,0,7
2/16/20,0,0,0,7
2/17/20,0,0,0,7
2/18/20,0,0,0,7
2/19/20,0,0,0,7
2/20/20,0,0,0,7
2/21/20,0,0,0,7
2/22/20,0,0,0,7
2/23/20,0,0,0,7
2/24/20,0,0,0,7
2/25/20,0,0,0,7
2/26/20,0,0,0,7
2/27/20,0,0,0,7
2/28/20,0,0,0,7
2/29/20,0,0,0,7
3/1/20,0,0,0,7
3/2/20,0,0,0,7
3/3/20,0,0,0,7
3/4/20,0,0,0,7
3/5/20,0,0,0,7
3/6/20,0,0,0,7
3/7/20,0,0,0,7
3/8/20,0,0,0,7
3/9/20,0,0,0,7
3/10/20,0,0,0,7
3/11/20,0,0,0,7
3/12/20,0,0,0,7
3/13/20,0,0,0,7
3/14/20,0,0,0,7
3/15/20,0,0,0,7
3/16/20,0,0,0,7
3/17/20,0,0,0,7
3/18/20,0,0,0,7
3/19/20,0,0,0,7
3/20/20,0,0,0,7
3/21/20,0,0,0,7
3/22/20,0,0,0,7
3/23/20,0,0,0,7
3/24/20,0,0,0,7
3/25/20,0,0,0,7
3/26/20,0,0,0,7
3/27/20,0,0,0,7
3/28/20,0,0,0,7
3/29/20,0,0,0,7
3/30/20,0,0,0,7
3/31/20,0,0,0,7
4/1/20,0,0,0,7
4/2/20,0,0,0,7
4/3/20,0,0,0,7
4/4/20,0,0,0,7
4/5/20,0,0,0,7
4/6/20,0,0,0,7
4/7/20,0,0,0,7
4/8/20,0,0,0,7
4/9/20,0,0,0,7
4/10/20,0,0,0,7
4/11/20,0,0,0,7
4/12/20,0,0,0,7
4/13/20,0,0,0,7
4/14/20,0,0,0,7
4/15/20,0,0,0,7
4/16/20,0,0,0,7
4/17/20,0,0,0,7
4/18/20,0,0,0,7
4/19/20,0,0,0,7
4/20/20,0,0,0,7
4/21/20,0,0,0,7
4/22/20,0,0,0,7
4/23/20,0,0,0,7
4/24/20,0,0,0,7
4/25/20,0,0,0,7
4/26/20,0,0,0,7
4/27/20,0,0,0,7
4/28/20,0,0,0,7
4/29/20,0,0,0,7
4/30/20,0,0,0,7
5/1/20,0,0,0,7
5/2/20,0,0,0,7
5/3/20,0,0,0,7
5/4/20,0,0,0,7
5/5/20,0,0,0,7
5/6/20,0,0,0,7
5/7/20,0,0,0,7
5/8/20,0,0,0,7
5/9/20,0,1,0,7
5/10/20,0,1,0,7
5/11/20,0,1,0,7
5/12/20,0,1,0,7
5/13/20,0,1,0,7
5/14/20,0,1,0,7
5/15/20,0,1,0,7
5/16/20,1,0,0,0
5/17/20,1,0,0,0
5/18/20,0,0,0,8
5/19/20,0,0,0,8
5/20/20,0,0,0,8
5/21/20,0,0,0,8
5/22/20,0,0,0,8
5/23/20,0,0,0,8
5/24/20,0,0,0,8
5/25/20,0,0,1,8
5/26/20,0,0,0,8
5/27/20,0,0,0,8
5/28/20,0,0,0,8
5/29/20,0,0,0,8
5/30/20,0,0,0,8
5/31/20,0,0,0,8
6/1/20,0,0,0,8
6/2/20,0,0,0,8
6/3/20,0,0,0,8
6/4/20,0,0,0,8
6/5/20,0,0,0,8
6/6/20,0,0,0,8
6/7/20,0,0,0,8
6/8/20,0,0,0,8
6/9/20,0,0,0,8
6/10/20,0,0,0,8
6/11/20,0,0,0,8
6/12/20,0,0,0,8
6/13/20,0,0,0,8
6/14/20,0,0,0,8
6/15/20,0,0,0,8
6/16/20,0,0,0,8
6/17/20,0,0,0,8
6/18/20,0,0,0,8
6/19/20,0,0,0,8
6/20/20,0,0,0,8
6/21/20,0,0,0,8
6/22/20,0,0,0,8
6/23/20,0,0,0,8
6/24/20,0,0,0,8
6/25/20,0,0,0,8
6/26/20,0,0,0,8
6/27/20,0,0,0,8
6/28/20,0,0,0,8
6/29/20,0,0,0,8
6/30/20,0,0,0,8
7/1/20,0,0,0,8
7/2/20,0,0,0,8
7/3/20,0,0,0,8
7/4/20,0,0,1,8
7/5/20,0,0,0,8
7/6/20,0,0,0,8
7/7/20,0,0,0,8
7/8/20,0,0,0,8
7/9/20,0,0,0,8
7/10/20,0,0,0,8
7/11/20,0,0,0,8
7/12/20,0,0,0,8
7/13/20,0,0,0,8
7/14/20,0,0,0,8
7/15/20,0,0,0,8
7/16/20,0,0,0,8
7/17/20,0,0,0,8
7/18/20,0,0,0,8
7/19/20,0,0,0,8
7/20/20,0,0,0,8
7/21/20,0,0,0,8
7/22/20,0,0,0,8
7/23/20,0,0,0,8
7/24/20,0,0,0,8
7/25/20,0,0,0,8
7/26/20,0,0,0,8
7/27/20,0,0,0,8
7/28/20,0,0,0,8
7/29/20,0,0,0,8
7/30/20,0,0,0,8
7/31/20,0,0,0,8
8/1/20,0,0,0,8
8/2/20,0,0,0,8
8/3/20,0,0,0,8
8/4/20,0,0,0,8
8/5/20,0,0,0,8
8/6/20,0,0,0,8
8/7/20,0,0,0,8
8/8/20,0,0,0,8
8/9/20,0,0,0,8
8/10/20,0,0,0,8
8/11/20,0,0,0,8
8/12/20,0,0,0,8
8/13/20,0,0,0,8
8/14/20,0,0,0,8
8/15/20,0,0,0,8
8/16/20,0,0,0,8
8/17/20,0,1,0,8
8/18/20,0,1,0,8
8/19/20,1,0,0,0
8/20/20,1,0,0,0
8/21/20,1,0,0,0
8/22/20,1,0,0,0
8/23/20,1,0,0,0
8/24/20,1,0,0,0
8/25/20,1,0,0,0
8/26/20,0,0,0,9
8/27/20,0,0,0,9
8/28/20,0,0,0,9
8/29/20,0,0,0,9
8/30/20,0,0,0,9
8/31/20,0,0,0,9
9/1/20,0,0,0,9
9/2/20,0,0,0,9
9/3/20,0,0,0,9
9/4/20,0,0,0,9
9/5/20,0,0,0,9
9/6/20,0,0,0,9
9/7/20,0,0,1,9
9/8/20,0,0,0,9
9/9/20,0,0,0,9
9/10/20,0,0,0,9
9/11/20,0,0,0,9
9/12/20,0,0,0,9
9/13/20,0,0,0,9
9/14/20,0,0,0,9
9/15/20,0,0,0,9
9/16/20,0,0,0,9
9/17/20,0,0,0,9
9/18/20,0,0,0,9
9/19/20,0,0,0,9
9/20/20,0,0,0,9
9/21/20,0,0,0,9
9/22/20,0,0,0,9
9/23/20,0,0,0,9
9/24/20,0,0,0,9
9/25/20,0,0,0,9
9/26/20,0,0,0,9
9/27/20,0,0,0,9
9/28/20,0,0,0,9
9/29/20,0,0,0,9
9/30/20,0,0,0,9
10/1/20,0,0,0,9
10/2/20,0,0,0,9
10/3/20,0,0,0,9
10/4/20,0,0,0,9
10/5/20,0,0,0,9
10/6/20,0,0,0,9
10/7/20,0,0,0,9
10/8/20,0,0,0,9
10/9/20,0,0,0,9
10/10/20,0,0,0,9
10/11/20,0,0,0,9
10/12/20,0,0,0,9
10/13/20,0,0,0,9
10/14/20,0,0,0,9
10/15/20,0,0,0,9
10/16/20,0,0,0,9
10/17/20,0,0,0,9
10/18/20,0,0,0,9
10/19/20,0,0,0,9
10/20/20,0,0,0,9
10/21/20,0,0,0,9
10/22/20,0,0,0,9
10/23/20,0,0,0,9
10/24/20,0,0,0,9
10/25/20,0,0,0,9
10/26/20,0,0,0,9
10/27/20,0,0,0,9
10/28/20,0,0,0,9
10/29/20,0,0,0,9
10/30/20,0,0,0,9
10/31/20,0,0,0,9
11/1/20,0,0,0,9
11/2/20,0,0,0,9
11/3/20,0,0,0,9
11/4/20,0,0,0,9
11/5/20,0,0,0,9
11/6/20,0,0,0,9
11/7/20,0,0,0,9
11/8/20,0,0,0,9
11/9/20,0,0,0,9
11/10/20,0,0,0,9
11/11/20,0,0,0,9
11/12/20,0,0,0,9
11/13/20,0,0,0,9
11/14/20,0,0,0,9
11/15/20,0,0,0,9
11/16/20,0,0,0,9
11/17/20,0,0,0,9
11/18/20,0,0,0,9
11/19/20,0,0,0,9
11/20/20,0,0,0,9
11/21/20,0,0,0,9
11/22/20,0,0,0,9
11/23/20,0,0,0,9
11/24/20,0,0,0,9
11/25/20,0,0,1,9
11/26/20,0,0,1,9
11/27/20,0,0,1,9
11/28/20,0,0,0,9
11/29/20,0,0,0,9
11/30/20,0,0,0,9
12/1/20,0,0,0,9
12/2/20,0,0,0,9
12/3/20,0,0,0,9
12/4/20,0,0,0,9
12/5/20,0,0,0,9
12/6/20,0,0,0,9
12/7/20,0,0,0,9
12/8/20,0,0,0,9
12/9/20,0,0,1,9
12/10/20,0,1,0,9
12/11/20,0,1,0,9
12/12/20,0,1,0,9
12/13/20,0,1,0,9
12/14/20,0,1,0,9
12/15/20,0,1,0,9
12/16/20,0,1,0,9
12/17/20,1,0,0,0
12/18/20,1,0,0,0
12/19/20,1,0,0,0
12/20/20,1,0,0,0
12/21/20,1,0,0,0
12/22/20,1,0,0,0
12/23/20,1,0,0,0
12/24/20,1,0,0,0
12/25/20,1,0,0,0
12/26/20,1,0,0,0
12/27/20,1,0,0,0
12/28/20,1,0,0,0
12/29/20,1,0,0,0
12/30/20,1,0,0,0
12/31/20,1,0,0,0
1/1/21,1,0,1,0
1/2/21,1,0,0,0
1/3/21,1,0,0,0
1/4/21,1,0,0,0
1/5/21,1,0,0,0
1/6/21,1,0,0,0
1/7/21,1,0,0,0
1/8/21,1,0,0,0
1/9/21,1,0,0,0
1/10/21,1,0,0,0
1/11/21,1,0,0,0
1/12/21,1,0,0,0
1/13/21,1,0,0,0
1/14/21,1,0,0,0
1/15/21,1,0,0,0
1/16/21,1,0,0,0
1/17/21,1,0,0,0
1/18/21,1,0,1,0
1/19/21,0,0,0,10
1/20/21,0,0,0,10
1/21/21,0,0,0,10
1/22/21,0,0,0,10
1/23/21,0,0,0,10
1/24/21,0,0,0,10
1/25/21,0,0,0,10
1/26/21,0,0,0,10
1/27/21,0,0,0,10
1/28/21,0,0,0,10
1/29/21,0,0,0,10
1/30/21,0,0,0,10
1/31/21,0,0,0,10
2/1/21,0,0,0,10
2/2/21,0,0,0,10
2/3/21,0,0,0,10
2/4/21,0,0,0,10
2/5/21,0,0,0,10
2/6/21,0,0,0,10
2/7/21,0,0,0,10
2/8/21,0,0,0,10
2/9/21,0,0,0,10
2/10/21,0,0,0,10
2/11/21,0,0,0,10
2/12/21,0,0,0,10
2/13/21,0,0,0,10
2/14/21,0,0,0,10
2/15/21,0,0,0,10
2/16/21,0,0,0,10
2/17/21,0,0,0,10
2/18/21,0,0,0,10
2/19/21,0,0,0,10
2/20/21,0,0,0,10
2/21/21,0,0,0,10
2/22/21,0,0,0,10
2/23/21,0,0,0,10
2/24/21,0,0,0,10
2/25/21,0,0,0,10
2/26/21,0,0,0,10
2/27/21,0,0,0,10
2/28/21,0,0,0,10
3/1/21,0,0,0,10
3/2/21,0,0,0,10
3/3/21,0,0,0,10
3/4/21,0,0,0,10
3/5/21,0,0,0,10
3/6/21,0,0,0,10
3/7/21,0,0,0,10
3/8/21,0,0,0,10
3/9/21,0,0,0,10
3/10/21,0,0,0,10
3/11/21,0,0,0,10
3/12/21,0,0,0,10
3/13/21,0,0,0,10
3/14/21,0,0,0,10
3/15/21,0,0,0,10
3/16/21,0,0,0,10
3/17/21,0,0,0,10
3/18/21,0,0,0,10
3/19/21,0,0,0,10
3/20/21,0,0,0,10
3/21/21,0,0,0,10
3/22/21,0,0,0,10
3/23/21,0,0,0,10
3/24/21,0,0,0,10
3/25/21,0,0,0,10
3/26/21,0,0,0,10
3/27/21,0,0,0,10
3/28/21,0,0,0,10
3/29/21,0,0,0,10
3/30/21,0,0,0,10
3/31/21,0,0,0,10
4/1/21,0,0,0,10
4/2/21,0,0,0,10
4/3/21,0,0,0,10
4/4/21,0,0,0,10
4/5/21,0,0,0,10
4/6/21,0,0,0,10
4/7/21,0,0,0,10
4/8/21,0,0,0,10
4/9/21,0,0,0,10
4/10/21,0,0,0,10
4/11/21,0,0,0,10
4/12/21,0,0,0,10
4/13/21,0,0,0,10
4/14/21,0,0,0,10
4/15/21,0,0,0,10
4/16/21,0,0,0,10
4/17/21,0,0,0,10
4/18/21,0,0,0,10
4/19/21,0,0,0,10
4/20/21,0,0,0,10
4/21/21,0,0,0,10
4/22/21,0,0,0,10
4/23/21,0,0,0,10
4/24/21,0,0,0,10
4/25/21,0,0,0,10
4/26/21,0,0,0,10
4/27/21,0,0,0,10
4/28/21,0,0,0,10
4/29/21,0,0,0,10
4/30/21,0,0,0,10
5/1/21,0,0,0,10
5/2/21,0,0,0,10
5/3/21,0,0,0,10
5/4/21,0,0,0,10
5/5/21,0,0,1,10
5/6/21,0,1,0,10
5/7/21,0,1,0,10
5/8/21,0,1,0,10
5/9/21,0,1,0,10
5/10/21,0,1,0,10
5/11/21,0,1,0,10
5/12/21,0,1,0,10
5/13/21,1,0,0,0
5/14/21,1,0,0,0
5/15/21,1,0,0,0
5/16/21,1,0,0,0
5/17/21,0,0,0,11
5/18/21,0,0,0,11
5/19/21,0,0,0,11
5/20/21,0,0,0,11
5/21/21,0,0,0,11
5/22/21,0,0,0,11
5/23/21,0,0,0,11
5/24/21,0,0,0,11
5/25/21,0,0,0,11
5/26/21,0,0,0,11
5/27/21,0,0,0,11
5/28/21,0,0,0,11
5/29/21,0,0,0,11
5/30/21,0,0,0,11
5/31/21,0,0,1,11
6/1/21,0,0,0,11
6/2/21,0,0,0,11
6/3/21,0,0,0,11
6/4/21,0,0,0,11
6/5/21,0,0,0,11
6/6/21,0,0,0,11
6/7/21,0,0,0,11
6/8/21,0,0,0,11
6/9/21,0,0,0,11
6/10/21,0,0,0,11
6/11/21,0,0,0,11
6/12/21,0,0,0,11
6/13/21,0,0,0,11
6/14/21,0,0,0,11
6/15/21,0,0,0,11
6/16/21,0,0,0,11
6/17/21,0,0,0,11
6/18/21,0,0,0,11
6/19/21,0,0,0,11
6/20/21,0,0,0,11
6/21/21,0,0,0,11
6/22/21,0,0,0,11
6/23/21,0,0,0,11
6/24/21,0,0,0,11
6/25/21,0,0,0,11
6/26/21,0,0,0,11
6/27/21,0,0,0,11
6/28/21,0,0,0,11
6/29/21,0,0,0,11
6/30/21,0,0,0,11
7/1/21,0,0,0,11
7/2/21,0,0,0,11
7/3/21,0,0,0,11
7/4/21,0,0,1,11
7/5/21,0,0,0,11
7/6/21,0,0,0,11
7/7/21,0,0,0,11
7/8/21,0,0,0,11
7/9/21,0,0,0,11
7/10/21,0,0,0,11
7/11/21,0,0,0,11
7/12/21,0,0,0,11
7/13/21,0,0,0,11
7/14/21,0,0,0,11
7/15/21,0,0,0,11
7/16/21,0,0,0,11
7/17/21,0,0,0,11
7/18/21,0,0,0,11
7/19/21,0,0,0,11
7/20/21,0,0,0,11
7/21/21,0,0,0,11
7/22/21,0,0,0,11
7/23/21,0,0,0,11
7/24/21,0,0,0,11
7/25/21,0,0,0,11
7/26/21,0,0,0,11
7/27/21,0,0,0,11
7/28/21,0,0,0,11
7/29/21,0,0,0,11
7/30/21,0,0,0,11
7/31/21,0,0,0,11
8/1/21,0,0,0,11
8/2/21,0,0,0,11
8/3/21,0,0,0,11
8/4/21,0,0,0,11
8/5/21,0,0,0,11
8/6/21,0,0,0,11
8/7/21,0,0,0,11
8/8/21,0,0,0,11
8/9/21,0,0,0,11
8/10/21,0,0,0,11
8/11/21,0,0,0,11
8/12/21,0,0,0,11
8/13/21,0,0,0,11
8/14/21,0,0,0,11
8/15/21,0,0,0,11
8/16/21,0,1,0,11
8/17/21,0,1,0,11
8/18/21,1,0,0,0
8/19/21,1,0,0,0
8/20/21,1,0,0,0
8/21/21,1,0,0,0
8/22/21,1,0,0,0
8/23/21,1,0,0,0
8/24/21,1,0,0,0
8/25/21,0,0,0,12
8/26/21,0,0,0,12
8/27/21,0,0,0,12
8/28/21,0,0,0,12
8/29/21,0,0,0,12
8/30/21,0,0,0,12
8/31/21,0,0,0,12
9/1/21,0,0,0,12
9/2/21,0,0,0,12
9/3/21,0,0,0,12
9/4/21,0,0,0,12
9/5/21,0,0,0,12
9/6/21,0,0,1,12
9/7/21,0,0,0,12
9/8/21,0,0,0,12
9/9/21,0,0,0,12
9/10/21,0,0,0,12
9/11/21,0,0,0,12
9/12/21,0,0,0,12
9/13/21,0,0,0,12
9/14/21,0,0,0,12
9/15/21,0,0,0,12
9/16/21,0,0,0,12
9/17/21,0,0,0,12
9/18/21,0,0,0,12
9/19/21,0,0,0,12
9/20/21,0,0,0,12
9/21/21,0,0,0,12
9/22/21,0,0,0,12
9/23/21,0,0,0,12
9/24/21,0,0,0,12
9/25/21,0,0,0,12
9/26/21,0,0,0,12
9/27/21,0,0,0,12
9/28/21,0,0,0,12
9/29/21,0,0,0,12
9/30/21,0,0,0,12
10/1/21,0,0,0,12
10/2/21,0,0,0,12
10/3/21,0,0,0,12
10/4/21,0,0,0,12
10/5/21,0,0,0,12
10/6/21,0,0,0,12
10/7/21,0,0,0,12
10/8/21,0,0,0,12
10/9/21,0,0,0,12
10/10/21,0,0,0,12
10/11/21,0,0,0,12
10/12/21,0,0,0,12
10/13/21,0,0,0,12
10/14/21,0,0,0,12
10/15/21,0,0,0,12
10/16/21,0,0,0,12
10/17/21,0,0,0,12
10/18/21,0,0,0,12
10/19/21,0,0,0,12
10/20/21,0,0,0,12
10/21/21,0,0,0,12
10/22/21,0,0,0,12
10/23/21,0,0,0,12
10/24/21,0,0,0,12
10/25/21,0,0,0,12
10/26/21,0,0,0,12
10/27/21,0,0,0,12
10/28/21,0,0,0,12
10/29/21,0,0,0,12
10/30/21,0,0,0,12
10/31/21,0,0,0,12
11/1/21,0,0,0,12
11/2/21,0,0,0,12
11/3/21,0,0,0,12
11/4/21,0,0,0,12
11/5/21,0,0,0,12
11/6/21,0,0,0,12
11/7/21,0,0,0,12
11/8/21,0,0,0,12
11/9/21,0,0,0,12
11/10/21,0,0,0,12
11/11/21,0,0,0,12
11/12/21,0,0,0,12
11/13/21,0,0,0,12
11/14/21,0,0,0,12
11/15/21,0,0,0,12
11/16/21,0,0,0,12
11/17/21,0,0,0,12
11/18/21,0,0,0,12
11/19/21,0,0,0,12
11/20/21,0,0,0,12
11/21/21,0,0,0,12
11/22/21,0,0,0,12
11/23/21,0,0,0,12
11/24/21,0,0,0,12
11/25/21,0,0,1,12
11/26/21,0,0,1,12
11/27/21,0,0,1,12
11/28/21,0,0,0,12
11/29/21,0,0,0,12
11/30/21,0,0,0,12
12/1/21,0,0,0,12
12/2/21,0,0,0,12
12/3/21,0,0,0,12
12/4/21,0,0,0,12
12/5/21,0,0,0,12
12/6/21,0,0,0,12
12/7/21,0,0,0,12
12/8/21,0,0,1,12
12/9/21,0,1,0,12
12/10/21,0,1,0,12
12/11/21,0,1,0,12
12/12/21,0,1,0,12
12/13/21,0,1,0,12
12/14/21,0,1,0,12
12/15/21,0,1,0,12
12/16/21,1,0,0,0
12/17/21,1,0,0,0
12/18/21,1,0,0,0
12/19/21,1,0,0,0
12/20/21,1,0,0,0
12/21/21,1,0,0,0
12/22/21,1,0,0,0
12/23/21,1,0,0,0
12/24/21,1,0,0,0
12/25/21,1,0,0,0
12/26/21,1,0,0,0
12/27/21,1,0,0,0
12/28/21,1,0,0,0
12/29/21,1,0,0,0
12/30/21,1,0,0,0
12/31/21,1,0,0,0
1/1/22,1,0,0,0
1/2/22,1,0,0,0
1/3/22,1,0,0,0
1/4/22,1,0,0,0
1/5/22,1,0,0,0
1/6/22,1,0,0,0
1/7/22,1,0,0,0
1/8/22,1,0,0,0
1/9/22,1,0,0,0
1/10/22,1,0,0,0
1/11/22,1,0,0,0
1/12/22,1,0,0,0
1/13/22,1,0,0,0
1/14/22,1,0,0,0
1/15/22,1,0,0,0
1/16/22,1,0,0,0
1/17/22,1,0,1,0
1/18/22,0,0,0,13
1/19/22,0,0,0,13
1/20/22,0,0,0,13
1/21/22,0,0,0,13
1/22/22,0,0,0,13
1/23/22,0,0,0,13
1/24/22,0,0,0,13
1/25/22,0,0,0,13
1/26/22,0,0,0,13
1/27/22,0,0,0,13
1/28/22,0,0,0,13
1/29/22,0,0,0,13
1/30/22,0,0,0,13
1/31/22,0,0,0,13
2/1/22,0,0,0,13
2/2/22,0,0,0,13
2/3/22,0,0,0,13
2/4/22,0,0,0,13
2/5/22,0,0,0,13
2/6/22,0,0,0,13
2/7/22,0,0,0,13
2/8/22,0,0,0,13
2/9/22,0,0,0,13
2/10/22,0,0,0,13
2/11/22,0,0,0,13
2/12/22,0,0,0,13
2/13/22,0,0,0,13
2/14/22,0,0,0,13
2/15/22,0,0,0,13
2/16/22,0,0,0,13
2/17/22,0,0,0,13
2/18/22,0,0,0,13
2/19/22,0,0,0,13
2/20/22,0,0,0,13
2/21/22,0,0,0,13
2/22/22,0,0,0,13
2/23/22,0,0,0,13
2/24/22,0,0,0,13
2/25/22,0,0,0,13
2/26/22,0,0,0,13
2/27/22,0,0,0,13
2/28/22,0,0,0,13
3/1/22,0,0,0,13
3/2/22,0,0,0,13
3/3/22,0,0,0,13
3/4/22,0,0,0,13
3/5/22,0,0,0,13
3/6/22,0,0,0,13
3/7/22,0,0,0,13
3/8/22,0,0,0,13
3/9/22,0,0,0,13
3/10/22,0,0,0,13
3/11/22,0,0,0,13
3/12/22,0,0,0,13
3/13/22,0,0,0,13
3/14/22,0,0,0,13
3/15/22,0,0,0,13
3/16/22,0,0,0,13
3/17/22,0,0,0,13
3/18/22,0,0,0,13
3/19/22,0,0,0,13
3/20/22,0,0,0,13
3/21/22,0,0,0,13
3/22/22,0,0,0,13
3/23/22,0,0,0,13
3/24/22,0,0,0,13
3/25/22,0,0,0,13
3/26/22,0,0,0,13
3/27/22,0,0,0,13
3/28/22,0,0,0,13
3/29/22,0,0,0,13
3/30/22,0,0,0,13
3/31/22,0,0,0,13
4/1/22,0,0,0,13
4/2/22,0,0,0,13
4/3/22,0,0,0,13
4/4/22,0,0,0,13
4/5/22,0,0,0,13
4/6/22,0,0,0,13
4/7/22,0,0,0,13
4/8/22,0,0,0,13
4/9/22,0,0,0,13
4/10/22,0,0,0,13
4/11/22,0,0,0,13
4/12/22,0,0,0,13
4/13/22,0,0,0,13
4/14/22,0,0,0,13
4/15/22,0,0,0,13
4/16/22,0,0,0,13
4/17/22,0,0,0,13
4/18/22,0,0,0,13
4/19/22,0,0,0,13
4/20/22,0,0,0,13
4/21/22,0,0,0,13
4/22/22,0,0,0,13
4/23/22,0,0,0,13
4/24/22,0,0,0,13
4/25/22,0,0,0,13
4/26/22,0,0,0,13
4/27/22,0,0,0,13
4/28/22,0,0,0,13
4/29/22,0,0,0,13
4/30/22,0,0,0,13
5/1/22,0,0,0,13
5/2/22,0,0,0,13
5/3/22,0,0,0,13
5/4/22,0,0,0,13
5/5/22,0,1,0,13
5/6/22,0,1,0,13
5/7/22,0,1,0,13
5/8/22,0,1,0,13
5/9/22,0,1,0,13
5/10/22,0,1,0,13
5/11/22,0,1,0,13
5/12/22,1,0,0,0
5/13/22,1,0,0,0
5/14/22,1,0,0,0
5/15/22,1,0,0,0
5/16/22,0,0,0,14
5/17/22,0,0,0,14
5/18/22,0,0,0,14
5/19/22,0,0,0,14
5/20/22,0,0,0,14
5/21/22,0,0,0,14
5/22/22,0,0,0,14
5/23/22,0,0,0,14
5/24/22,0,0,0,14
5/25/22,0,0,0,14
5/26/22,0,0,0,14
5/27/22,0,0,0,14
5/28/22,0,0,0,14
5/29/22,0,0,0,14
5/30/22,0,0,1,14
5/31/22,0,0,0,14
6/1/22,0,0,0,14
6/2/22,0,0,0,14
6/3/22,0,0,0,14
6/4/22,0,0,0,14
6/5/22,0,0,0,14
6/6/22,0,0,0,14
6/7/22,0,0,0,14
6/8/22,0,0,0,14
6/9/22,0,0,0,14
6/10/22,0,0,0,14
6/11/22,0,0,0,14
6/12/22,0,0,0,14
6/13/22,0,0,0,14
6/14/22,0,0,0,14
6/15/22,0,0,0,14
6/16/22,0,0,0,14
6/17/22,0,0,1,14
6/18/22,0,0,0,14
6/19/22,0,0,0,14
6/20/22,0,0,0,14
6/21/22,0,0,0,14
6/22/22,0,0,0,14
6/23/22,0,0,0,14
6/24/22,0,0,0,14
6/25/22,0,0,0,14
6/26/22,0,0,0,14
6/27/22,0,0,0,14
6/28/22,0,0,0,14
6/29/22,0,0,0,14
6/30/22,0,0,0,14
7/1/22,0,0,0,14
7/2/22,0,0,0,14
7/3/22,0,0,0,14
7/4/22,0,0,1,14
7/5/22,0,0,0,14
7/6/22,0,0,0,14
7/7/22,0,0,0,14
7/8/22,0,0,0,14
7/9/22,0,0,0,14
7/10/22,0,0,0,14
7/11/22,0,0,0,14
7/12/22,0,0,0,14
7/13/22,0,0,0,14
7/14/22,0,0,0,14
7/15/22,0,0,0,14
7/16/22,0,0,0,14
7/17/22,0,0,0,14
7/18/22,0,0,0,14
7/19/22,0,0,0,14
7/20/22,0,0,0,14
7/21/22,0,0,0,14
7/22/22,0,0,0,14
7/23/22,0,0,0,14
7/24/22,0,0,0,14
7/25/22,0,0,0,14
7/26/22,0,0,0,14
7/27/22,0,0,0,14
7/28/22,0,0,0,14
7/29/22,0,0,0,14
7/30/22,0,0,0,14
7/31/22,0,0,0,14
8/1/22,0,0,0,14
8/2/22,0,0,0,14
8/3/22,0,0,0,14
8/4/22,0,0,0,14
8/5/22,0,0,0,14
8/6/22,0,0,0,14
8/7/22,0,0,0,14
8/8/22,0,0,0,14
8/9/22,0,0,0,14
8/10/22,0,0,0,14
8/11/22,0,1,0,14
8/12/22,0,1,0,14
8/13/22,1,0,0,0
8/14/22,1,0,0,0
8/15/22,1,0,0,0
8/16/22,1,0,0,0
8/17/22,1,0,0,0
8/18/22,1,0,0,0
8/19/22,1,0,0,0
8/20/22,1,0,0,0
8/21/22,1,0,0,0
8/22/22,0,0,0,15
8/23/22,0,0,0,15
8/24/22,0,0,0,15
8/25/22,0,0,0,15
8/26/22,0,0,0,15
8/27/22,0,0,0,15
8/28/22,0,0,0,15
8/29/22,0,0,0,15
8/30/22,0,0,0,15
8/31/22,0,0,0,15
9/1/22,0,0,0,15
9/2/22,0,0,0,15
9/3/22,0,0,0,15
9/4/22,0,0,0,15
9/5/22,0,0,1,15
9/6/22,0,0,0,15
9/7/22,0,0,0,15
9/8/22,0,0,0,15
9/9/22,0,0,0,15
9/10/22,0,0,0,15
9/11/22,0,0,0,15
9/12/22,0,0,0,15
9/13/22,0,0,0,15
9/14/22,0,0,0,15
9/15/22,0,0,0,15
9/16/22,0,0,0,15
9/17/22,0,0,0,15
9/18/22,0,0,0,15
9/19/22,0,0,0,15
9/20/22,0,0,0,15
9/21/22,0,0,0,15
9/22/22,0,0,0,15
9/23/22,0,0,0,15
9/24/22,0,0,0,15
9/25/22,0,0,0,15
9/26/22,0,0,0,15
9/27/22,0,0,0,15
9/28/22,0,0,0,15
9/29/22,0,0,0,15
9/30/22,0,0,0,15
10/1/22,0,0,0,15
10/2/22,0,0,0,15
10/3/22,0,0,0,15
10/4/22,0,0,0,15
10/5/22,0,0,0,15
10/6/22,0,0,0,15
10/7/22,0,0,0,15
10/8/22,0,0,0,15
10/9/22,0,0,0,15
10/10/22,0,0,0,15
10/11/22,0,0,0,15
10/12/22,0,0,0,15
10/13/22,0,0,0,15
10/14/22,0,0,0,15
10/15/22,0,0,0,15
10/16/22,0,0,0,15
10/17/22,0,0,0,15
10/18/22,0,0,0,15
10/19/22,0,0,0,15
10/20/22,0,0,0,15
10/21/22,0,0,0,15
10/22/22,0,0,0,15
10/23/22,0,0,0,15
10/24/22,0,0,0,15
10/25/22,0,0,0,15
10/26/22,0,0,0,15
10/27/22,0,0,0,15
10/28/22,0,0,0,15
10/29/22,0,0,0,15
10/30/22,0,0,0,15
10/31/22,0,0,0,15
11/1/22,0,0,0,15
11/2/22,0,0,0,15
11/3/22,0,0,0,15
11/4/22,0,0,0,15
11/5/22,0,0,0,15
11/6/22,0,0,0,15
11/7/22,0,0,0,15
11/8/22,0,0,0,15
11/9/22,0,0,0,15
11/10/22,0,0,0,15
11/11/22,0,0,0,15
11/12/22,0,0,0,15
11/13/22,0,0,0,15
11/14/22,0,0,0,15
11/15/22,0,0,0,15
11/16/22,0,0,0,15
11/17/22,0,0,0,15
11/18/22,0,0,0,15
11/19/22,0,0,0,15
11/20/22,0,0,0,15
11/21/22,0,0,0,15
11/22/22,0,0,0,15
11/23/22,0,0,1,15
11/24/22,0,0,1,15
11/25/22,0,0,1,15
11/26/22,0,0,0,15
11/27/22,0,0,0,15
11/28/22,0,0,0,15
11/29/22,0,0,0,15
11/30/22,0,0,0,15
12/1/22,0,0,0,15
12/2/22,0,0,0,15
12/3/22,0,0,0,15
12/4/22,0,0,0,15
12/5/22,0,0,0,15
12/6/22,0,0,0,15
12/7/22,0,0,1,15
12/8/22,0,1,0,15
12/9/22,0,1,0,15
12/10/22,0,1,0,15
12/11/22,0,1,0,15
12/12/22,0,1,0,15
12/13/22,0,1,0,15
12/14/22,0,1,0,15
12/15/22,1,0,0,0
12/16/22,1,0,0,0
12/17/22,1,0,0,0
12/18/22,1,0,0,0
12/19/22,1,0,0,0
12/20/22,1,0,0,0
12/21/22,1,0,0,0
12/22/22,1,0,0,0
12/23/22,1,0,0,0
12/24/22,1,0,0,0
12/25/22,1,0,0,0
12/26/22,1,0,0,0
12/27/22,1,0,0,0
12/28/22,1,0,0,0
12/29/22,1,0,0,0
12/30/22,1,0,0,0
12/31/22,1,0,0,0
1/1/23,1,0,0,0
1/2/23,1,0,0,0
1/3/23,1,0,0,0
1/4/23,1,0,0,0
1/5/23,1,0,0,0
1/6/23,1,0,0,0
1/7/23,1,0,0,0
1/8/23,1,0,0,0
1/9/23,1,0,0,0
1/10/23,1,0,0,0
1/11/23,1,0,0,0
1/12/23,1,0,0,0
1/13/23,1,0,0,0
1/14/23,1,0,0,0
1/15/23,1,0,0,0
1/16/23,1,0,1,0
1/17/23,0,0,0,16
1/18/23,0,0,0,16
1/19/23,0,0,0,16
1/20/23,0,0,0,16
1/21/23,0,0,0,16
1/22/23,0,0,0,16
1/23/23,0,0,0,16
1/24/23,0,0,0,16
1/25/23,0,0,0,16
1/26/23,0,0,0,16
1/27/23,0,0,0,16
1/28/23,0,0,0,16
1/29/23,0,0,0,16
1/30/23,0,0,0,16
1/31/23,0,0,0,16
2/1/23,0,0,0,16
2/2/23,0,0,0,16
2/3/23,0,0,0,16
2/4/23,0,0,0,16
2/5/23,0,0,0,16
2/6/23,0,0,0,16
2/7/23,0,0,0,16
2/8/23,0,0,0,16
2/9/23,0,0,0,16
2/10/23,0,0,0,16
2/11/23,0,0,0,16
2/12/23,0,0,0,16
2/13/23,0,0,0,16
2/14/23,0,0,0,16
2/15/23,0,0,0,16
2/16/23,0,0,0,16
2/17/23,0,0,0,16
2/18/23,0,0,0,16
2/19/23,0,0,0,16
2/20/23,0,0,0,16
2/21/23,0,0,0,16
2/22/23,0,0,0,16
2/23/23,0,0,0,16
2/24/23,0,0,0,16
2/25/23,0,0,0,16
2/26/23,0,0,0,16
2/27/23,0,0,0,16
2/28/23,0,0,0,16
3/1/23,0,0,0,16
3/2/23,0,0,0,16
3/3/23,0,0,0,16
3/4/23,0,0,0,16
3/5/23,0,0,0,16
3/6/23,0,0,0,16
3/7/23,0,0,0,16
3/8/23,0,0,0,16
3/9/23,0,0,0,16
3/10/23,0,0,0,16
3/11/23,0,0,0,16
3/12/23,0,0,0,16
3/13/23,0,0,0,16
3/14/23,0,0,0,16
3/15/23,0,0,0,16
3/16/23,0,0,0,16
3/17/23,0,0,0,16
3/18/23,0,0,0,16
3/19/23,0,0,0,16
3/20/23,0,0,0,16
3/21/23,0,0,0,16
3/22/23,0,0,0,16
3/23/23,0,0,0,16
3/24/23,0,0,0,16
3/25/23,0,0,0,16
3/26/23,0,0,0,16
3/27/23,0,0,0,16
3/28/23,0,0,0,16
3/29/23,0,0,0,16
3/30/23,0,0,0,16
3/31/23,0,0,0,16
4/1/23,0,0,0,16
4/2/23,0,0,0,16
4/3/23,0,0,0,16
4/4/23,0,0,0,16
4/5/23,0,0,0,16
4/6/23,0,0,0,16
4/7/23,0,0,0,16
4/8/23,0,0,0,16
4/9/23,0,0,0,16
4/10/23,0,0,0,16
4/11/23,0,0,0,16
4/12/23,0,0,0,16
4/13/23,0,0,0,16
4/14/23,0,0,0,16
4/15/23,0,0,0,16
4/16/23,0,0,0,16
4/17/23,0,0,0,16
4/18/23,0,0,0,16
4/19/23,0,0,0,16
4/20/23,0,0,0,16
4/21/23,0,0,0,16
4/22/23,0,0,0,16
4/23/23,0,0,0,16
4/24/23,0,0,0,16
4/25/23,0,0,0,16
4/26/23,0,0,0,16
4/27/23,0,0,0,16
4/28/23,0,0,0,16
4/29/23,0,0,0,16
4/30/23,0,0,0,16
5/1/23,0,0,0,16
5/2/23,0,0,0,16
5/3/23,0,0,1,16
5/4/23,0,1,0,16
5/5/23,0,1,0,16
5/6/23,0,1,0,16
5/7/23,0,1,0,16
5/8/23,0,1,0,16
5/9/23,0,1,0,16
5/10/23,0,1,0,16
5/11/23,1,0,0,0
5/12/23,1,0,0,0
5/13/23,1,0,0,0
5/14/23,0,0,0,17
5/15/23,0,0,0,17
5/16/23,0,0,0,17
5/17/23,0,0,0,17
5/18/23,0,0,0,17
5/19/23,0,0,0,17
5/20/23,0,0,0,17
5/21/23,0,0,0,17
5/22/23,0,0,0,17
5/23/23,0,0,0,17
5/24/23,0,0,0,17
5/25/23,0,0,0,17
5/26/23,0,0,0,17
5/27/23,0,0,0,17
5/28/23,0,0,0,17
5/29/23,0,0,1,17
5/30/23,0,0,0,17
5/31/23,0,0,0,17
6/1/23,0,0,0,17
6/2/23,0,0,0,17
6/3/23,0,0,0,17
6/4/23,0,0,0,17
6/5/23,0,0,0,17
6/6/23,0,0,0,17
6/7/23,0,0,0,17
6/8/23,0,0,0,17
6/9/23,0,0,0,17
6/10/23,0,0,0,17
6/11/23,0,0,0,17
6/12/23,0,0,0,17
6/13/23,0,0,0,17
6/14/23,0,0,0,17
6/15/23,0,0,0,17
6/16/23,0,0,0,17
6/17/23,0,0,0,17
6/18/23,0,0,0,17
6/19/23,0,0,1,17
6/20/23,0,0,0,17
6/21/23,0,0,0,17
6/22/23,0,0,0,17
6/23/23,0,0,0,17
6/24/23,0,0,0,17
6/25/23,0,0,0,17
6/26/23,0,0,0,17
6/27/23,0,0,0,17
6/28/23,0,0,0,17
6/29/23,0,0,0,17
6/30/23,0,0,0,17
7/1/23,0,0,0,17
7/2/23,0,0,0,17
7/3/23,0,0,0,17
7/4/23,0,0,1,17
7/5/23,0,0,0,17
7/6/23,0,0,0,17
7/7/23,0,0,0,17
7/8/23,0,0,0,17
7/9/23,0,0,0,17
7/10/23,0,0,0,17
7/11/23,0,0,0,17
7/12/23,0,0,0,17
7/13/23,0,0,0,17
7/14/23,0,0,0,17
7/15/23,0,0,0,17
7/16/23,0,0,0,17
7/17/23,0,0,0,17
7/18/23,0,0,0,17
7/19/23,0,0,0,17
7/20/23,0,0,0,17
7/21/23,0,0,0,17
7/22/23,0,0,0,17
7/23/23,0,0,0,17
7/24/23,0,0,0,17
7/25/23,0,0,0,17
7/26/23,0,0,0,17
7/27/23,0,0,0,17
7/28/23,0,0,0,17
7/29/23,0,0,0,17
7/30/23,0,0,0,17
7/31/23,0,0,0,17
8/1/23,0,0,0,17
8/2/23,0,0,0,17
8/3/23,0,0,0,17
8/4/23,0,0,0,17
8/5/23,0,0,0,17
8/6/23,0,0,0,17
8/7/23,0,0,0,17
8/8/23,0,0,0,17
8/9/23,0,0,0,17
8/10/23,0,1,0,17
8/11/23,0,1,0,17
8/12/23,1,0,0,0
8/13/23,1,0,0,0
8/14/23,1,0,0,0
8/15/23,1,0,0,0
8/16/23,1,0,0,0
8/17/23,1,0,0,0
8/18/23,1,0,0,0
8/19/23,1,0,0,0
8/20/23,1,0,0,0
8/21/23,0,0,0,18
8/22/23,0,0,0,18
8/23/23,0,0,0,18
8/24/23,0,0,0,18
8/25/23,0,0,0,18
8/26/23,0,0,0,18
8/27/23,0,0,0,18
8/28/23,0,0,0,18
8/29/23,0,0,0,18
8/30/23,0,0,0,18
8/31/23,0,0,0,18
9/1/23,0,0,0,18
9/2/23,0,0,0,18
9/3/23,0,0,0,18
9/4/23,0,0,1,18
9/5/23,0,0,0,18
9/6/23,0,0,0,18
9/7/23,0,0,0,18
9/8/23,0,0,0,18
9/9/23,0,0,0,18
9/10/23,0,0,0,18
9/11/23,0,0,0,18
9/12/23,0,0,0,18
9/13/23,0,0,0,18
9/14/23,0,0,0,18
9/15/23,0,0,0,18
9/16/23,0,0,0,18
9/17/23,0,0,0,18
9/18/23,0,0,0,18
9/19/23,0,0,0,18
9/20/23,0,0,0,18
9/21/23,0,0,0,18
9/22/23,0,0,0,18
9/23/23,0,0,0,18
9/24/23,0,0,0,18
9/25/23,0,0,0,18
9/26/23,0,0,0,18
9/27/23,0,0,0,18
9/28/23,0,0,0,18
9/29/23,0,0,0,18
9/30/23,0,0,0,18
10/1/23,0,0,0,18
10/2/23,0,0,0,18
10/3/23,0,0,0,18
10/4/23,0,0,0,18
10/5/23,0,0,0,18
10/6/23,0,0,0,18
10/7/23,0,0,0,18
10/8/23,0,0,0,18
10/9/23,0,0,0,18
10/10/23,0,0,0,18
10/11/23,0,0,0,18
10/12/23,0,0,0,18
10/13/23,0,0,0,18
10/14/23,0,0,0,18
10/15/23,0,0,0,18
10/16/23,0,0,0,18
10/17/23,0,0,0,18
10/18/23,0,0,0,18
10/19/23,0,0,0,18
10/20/23,0,0,0,18
10/21/23,0,0,0,18
10/22/23,0,0,0,18
10/23/23,0,0,0,18
10/24/23,0,0,0,18
10/25/23,0,0,0,18
10/26/23,0,0,0,18
10/27/23,0,0,0,18
10/28/23,0,0,0,18
10/29/23,0,0,0,18
10/30/23,0,0,0,18
10/31/23,0,0,0,18
11/1/23,0,0,0,18
11/2/23,0,0,0,18
11/3/23,0,0,0,18
11/4/23,0,0,0,18
11/5/23,0,0,0,18
11/6/23,0,0,0,18
11/7/23,0,0,0,18
11/8/23,0,0,0,18
11/9/23,0,0,0,18
11/10/23,0,0,0,18
11/11/23,0,0,0,18
11/12/23,0,0,0,18
11/13/23,0,0,0,18
11/14/23,0,0,0,18
11/15/23,0,0,0,18
11/16/23,0,0,0,18
11/17/23,0,0,0,18
11/18/23,0,0,0,18
11/19/23,0,0,0,18
11/20/23,0,0,0,18
11/21/23,0,0,0,18
11/22/23,0,0,1,18
11/23/23,0,0,1,18
11/24/23,0,0,1,18
11/25/23,0,0,0,18
11/26/23,0,0,0,18
11/27/23,0,0,0,18
11/28/23,0,0,0,18
11/29/23,0,0,0,18
11/30/23,0,0,0,18
12/1/23,0,0,0,18
12/2/23,0,0,0,18
12/3/23,0,0,0,18
12/4/23,0,0,0,18
12/5/23,0,0,0,18
12/6/23,0,0,1,18
12/7/23,0,1,0,18
12/8/23,0,1,0,18
12/9/23,0,1,0,18
12/10/23,0,1,0,18
12/11/23,0,1,0,18
12/12/23,0,1,0,18
12/13/23,0,1,0,18
12/14/23,0,0,0,0
12/15/23,1,0,0,0
12/16/23,1,0,0,0
12/17/23,1,0,0,0
12/18/23,1,0,0,0
12/19/23,1,0,0,0
12/20/23,1,0,0,0
12/21/23,1,0,0,0
12/22/23,1,0,0,0
12/23/23,1,0,0,0
12/24/23,1,0,0,0
12/25/23,1,0,0,0
12/26/23,1,0,0,0
12/27/23,1,0,0,0
12/28/23,1,0,0,0
12/29/23,1,0,0,0
12/30/23,1,0,0,0
12/31/23,1,0,0,0
1/1/24,1,0,0,0
1/2/24,1,0,0,0
1/3/24,1,0,0,0
1/4/24,1,0,0,0
1/5/24,1,0,0,0
1/6/24,1,0,0,0
1/7/24,1,0,0,0
1/8/24,1,0,0,0
1/9/24,1,0,0,0
1/10/24,1,0,0,0
1/11/24,1,0,0,0
1/12/24,1,0,0,0
1/13/24,1,0,0,0
1/14/24,1,0,0,0
1/15/24,1,0,1,0
1/16/24,0,0,0,19
1/17/24,0,0,0,19
1/18/24,0,0,0,19
1/19/24,0,0,0,19
1/20/24,0,0,0,19
1/21/24,0,0,0,19
1/22/24,0,0,0,19
1/23/24,0,0,0,19
1/24/24,0,0,0,19
1/25/24,0,0,0,19
1/26/24,0,0,0,19
1/27/24,0,0,0,19
1/28/24,0,0,0,19
1/29/24,0,0,0,19
1/30/24,0,0,0,19
1/31/24,0,0,0,19
2/1/24,0,0,0,19
2/2/24,0,0,0,19
2/3/24,0,0,0,19
2/4/24,0,0,0,19
2/5/24,0,0,0,19
2/6/24,0,0,0,19
2/7/24,0,0,0,19
2/8/24,0,0,0,19
2/9/24,0,0,0,19
2/10/24,0,0,0,19
2/11/24,0,0,0,19
2/12/24,0,0,0,19
2/13/24,0,0,0,19
2/14/24,0,0,0,19
2/15/24,0,0,0,19
2/16/24,0,0,0,19
2/17/24,0,0,0,19
2/18/24,0,0,0,19
2/19/24,0,0,0,19
2/20/24,0,0,0,19
2/21/24,0,0,0,19
2/22/24,0,0,0,19
2/23/24,0,0,0,19
2/24/24,0,0,0,19
2/25/24,0,0,0,19
2/26/24,0,0,0,19
2/27/24,0,0,0,19
2/28/24,0,0,0,19
2/29/24,0,0,0,19
3/1/24,0,0,0,19