Time,Exam,Holiday,Semester,Issued Amount
8/1/18,0,0,2,6440
8/2/18,0,0,2,5680
8/3/18,0,0,2,5565
8/4/18,0,0,2,1635
8/5/18,0,0,2,1455
8/6/18,0,0,2,9385
8/7/18,0,0,2,4260
8/8/18,0,0,2,5885
8/9/18,0,0,2,5735
8/10/18,0,0,2,11660
8/11/18,0,0,2,905
8/12/18,0,0,2,1595
8/13/18,1,0,2,9000
8/14/18,1,0,0,8330
8/15/18,0,0,1,9535
8/16/18,0,0,1,7350
8/17/18,0,0,1,11375
8/18/18,0,0,1,3475
8/19/18,0,0,1,4960
8/20/18,0,0,1,18400
8/21/18,0,0,1,15635
8/22/18,0,0,3,42455
8/23/18,0,0,3,35245
8/24/18,0,0,3,21425
8/25/18,0,0,3,1870
8/26/18,0,0,3,3250
8/27/18,0,0,3,8420
8/28/18,0,0,3,6085
8/29/18,0,0,3,4745
8/30/18,0,0,3,4585
8/31/18,0,0,3,10380
9/1/18,0,0,3,80
9/2/18,0,0,3,405
9/3/18,0,1,3,565
9/4/18,0,0,3,10065
9/5/18,0,0,3,11380
9/6/18,0,0,3,27855
9/7/18,0,0,3,7640
9/8/18,0,0,3,285
9/9/18,0,0,3,1125
9/10/18,0,0,3,8405
9/11/18,0,0,3,7345
9/12/18,0,0,3,9150
9/13/18,0,0,3,15915
9/14/18,0,0,3,3960
9/15/18,0,0,3,130
9/16/18,0,0,3,1440
9/17/18,0,0,3,25930
9/18/18,0,0,3,32895
9/19/18,0,0,3,24385
9/20/18,0,0,3,31350
9/21/18,0,0,3,22900
9/22/18,0,0,3,7370
9/23/18,0,0,3,3545
9/24/18,0,0,3,21845
9/25/18,0,0,3,27495
9/26/18,0,0,3,21375
9/27/18,0,0,3,1360
9/28/18,0,0,3,2035
9/29/18,0,0,3,110
9/30/18,0,0,3,425
10/1/18,0,0,3,7450
10/2/18,0,0,3,7000
10/3/18,0,0,3,29730
10/4/18,0,0,3,7380
10/5/18,0,0,3,7320
10/6/18,0,0,3,3895
10/7/18,0,0,3,2085
10/8/18,0,0,3,11970
10/9/18,0,0,3,7655
10/10/18,0,0,3,8485
10/11/18,0,0,3,9270
10/12/18,0,0,3,5895
10/13/18,0,0,3,3190
10/14/18,0,0,3,3250
10/15/18,0,0,3,3030
10/16/18,0,0,3,7855
10/17/18,0,0,3,2525
10/18/18,0,0,3,2615
10/19/18,0,0,3,6005
10/20/18,0,0,3,55
10/21/18,0,0,3,11245
10/22/18,0,0,3,2575
10/23/18,0,0,3,8350
10/24/18,0,0,3,2530
10/25/18,0,0,3,11660
10/26/18,0,0,3,7045
10/27/18,0,0,3,660
10/28/18,0,0,3,1265
10/29/18,0,0,3,2575
10/30/18,0,0,3,7950
10/31/18,0,0,3,5715
11/1/18,0,0,3,3020
11/2/18,0,0,3,1980
11/3/18,0,0,3,1745
11/4/18,0,0,3,2690
11/5/18,0,0,3,935
11/6/18,0,0,3,2875
11/7/18,0,0,3,3005
11/8/18,0,0,3,1845
11/9/18,0,0,3,4235
11/10/18,0,0,3,800
11/11/18,0,0,3,0
11/12/18,0,0,3,7030
11/13/18,0,0,3,5075
11/14/18,0,0,3,3180
11/15/18,0,0,3,2480
11/16/18,0,0,3,5830
11/17/18,0,0,3,550
11/18/18,0,0,3,1405
11/19/18,0,0,3,4170
11/20/18,0,0,3,6585
11/21/18,0,1,3,1380
11/22/18,0,1,3,0
11/23/18,0,1,3,2505
11/24/18,0,0,3,810
11/25/18,0,0,3,2380
11/26/18,0,0,3,6425
11/27/18,0,0,3,2485
11/28/18,0,0,3,3130
11/29/18,0,0,3,3140
11/30/18,0,0,3,5570
12/1/18,0,0,3,480
12/2/18,0,0,3,3765
12/3/18,0,0,3,3270
12/4/18,0,0,3,7340
12/5/18,0,0,3,5420
12/6/18,1,0,3,4055
12/7/18,1,0,3,2515
12/8/18,1,0,3,1085
12/9/18,1,0,3,405
12/10/18,1,0,3,6450
12/11/18,1,0,3,3695
12/12/18,1,0,3,3560
12/13/18,0,0,1,895
12/14/18,0,0,1,665
12/15/18,0,0,1,955
12/16/18,0,0,1,1415
12/17/18,0,0,1,3720
12/18/18,0,0,1,2580
12/19/18,0,0,1,5135
12/20/18,0,0,1,1590
12/21/18,0,0,1,4375
12/22/18,0,0,1,0
12/23/18,0,0,1,3800
12/24/18,0,0,1,1685
12/25/18,0,0,1,0
12/26/18,0,0,1,575
12/27/18,0,0,1,0
12/28/18,0,0,1,0
12/29/18,0,0,1,0
12/30/18,0,0,1,0
12/31/18,0,0,1,0
1/1/19,0,1,1,0
1/2/19,0,0,1,3520
1/3/19,0,0,1,2370
1/4/19,0,0,1,3815
1/5/19,0,0,1,935
1/6/19,0,0,1,2005
1/7/19,0,0,1,1605
1/8/19,0,0,1,2135
1/9/19,0,0,1,3280
1/10/19,0,0,1,3290
1/11/19,0,0,1,5120
1/12/19,0,0,1,0
1/13/19,0,0,1,1430
1/14/19,0,0,4,1185
1/15/19,0,0,4,4275
1/16/19,0,0,4,2175
1/17/19,0,0,4,5825
1/18/19,0,0,4,4955
1/19/19,0,0,4,110
1/20/19,0,0,4,430
1/21/19,0,1,4,780
1/22/19,0,0,4,3055
1/23/19,0,0,4,7980
1/24/19,0,0,4,7510
1/25/19,0,0,4,10080
1/26/19,0,0,4,55
1/27/19,0,0,4,2585
1/28/19,0,0,4,14690
1/29/19,0,0,4,12695
1/30/19,0,0,4,10965
1/31/19,0,0,4,8380
2/1/19,0,0,4,9125
2/2/19,0,0,4,2870
2/3/19,0,0,4,2915
2/4/19,0,0,4,16945
2/5/19,0,0,4,11660
2/6/19,0,0,4,11050
2/7/19,0,0,4,30565
2/8/19,0,0,4,13185
2/9/19,0,0,4,925
2/10/19,0,0,4,2655
2/11/19,0,0,4,27700
2/12/19,0,0,4,14515
2/13/19,0,0,4,9750
2/14/19,0,0,4,21835
2/15/19,0,0,4,31620
2/16/19,0,0,4,890
2/17/19,0,0,4,7205
2/18/19,0,0,4,21240
2/19/19,0,0,4,20905
2/20/19,0,0,4,16675
2/21/19,0,0,4,12460
2/22/19,0,0,4,20115
2/23/19,0,0,4,11025
2/24/19,0,0,4,4705
2/25/19,0,0,4,12560
2/26/19,0,0,4,23330
2/27/19,0,0,4,20560
2/28/19,0,0,4,10620
3/1/19,0,0,4,11510
3/2/19,0,0,4,3575
3/3/19,0,0,4,4435
3/4/19,0,0,4,10055
3/5/19,0,0,4,7295
3/6/19,0,0,4,6875
3/7/19,0,0,4,8560
3/8/19,0,0,4,32220
3/9/19,0,0,4,1755
3/10/19,0,0,4,1585
3/11/19,0,0,4,8885
3/12/19,0,0,4,6100
3/13/19,0,0,4,6610
3/14/19,0,0,4,8800
3/15/19,0,0,4,5405
3/16/19,0,0,4,3320
3/17/19,0,0,4,5000
3/18/19,0,0,4,12505
3/19/19,0,0,4,10020
3/20/19,0,0,4,11200
3/21/19,0,0,4,13470
3/22/19,0,0,4,12610
3/23/19,0,0,4,1255
3/24/19,0,0,4,6510
3/25/19,0,0,4,18145
3/26/19,0,0,4,12950
3/27/19,0,0,4,12535
3/28/19,0,0,4,10615
3/29/19,0,0,4,14455
3/30/19,0,0,4,4545
3/31/19,0,0,4,4470
4/1/19,0,0,4,12120
4/2/19,0,0,4,9655
4/3/19,0,0,4,8110
4/4/19,0,0,4,10500
4/5/19,0,0,4,11245
4/6/19,0,0,4,1970
4/7/19,0,0,4,3175
4/8/19,0,0,4,13695
4/9/19,0,0,4,14905
4/10/19,0,0,4,9855
4/11/19,0,0,4,7935
4/12/19,0,0,4,16375
4/13/19,0,0,4,1480
4/14/19,0,0,4,9925
4/15/19,0,0,4,16920
4/16/19,0,0,4,9615
4/17/19,0,0,4,11600
4/18/19,0,0,4,15465
4/19/19,0,0,4,22515
4/20/19,0,0,4,395
4/21/19,0,0,4,3855
4/22/19,0,0,4,18335
4/23/19,0,0,4,9140
4/24/19,0,0,4,11860
4/25/19,0,0,4,9525
4/26/19,0,0,4,18325
4/27/19,0,0,4,3350
4/28/19,0,0,4,3020
4/29/19,0,0,4,12965
4/30/19,0,0,4,9165
5/1/19,0,0,4,9385
5/2/19,0,0,4,8365
5/3/19,0,0,4,10405
5/4/19,1,0,4,1625
5/5/19,1,0,4,4415
5/6/19,1,0,4,3770
5/7/19,1,0,4,4075
5/8/19,1,0,4,7050
5/9/19,1,0,4,1215
5/10/19,1,0,4,825
5/11/19,0,0,1,0
5/12/19,0,0,1,375
5/13/19,0,0,5,5140
5/14/19,0,0,5,10290
5/15/19,0,0,5,6630
5/16/19,0,0,5,5295
5/17/19,0,0,5,8075
5/18/19,0,0,5,0
5/19/19,0,0,5,1585
5/20/19,0,0,5,3480
5/21/19,0,0,5,8150
5/22/19,0,0,5,1825
5/23/19,0,0,5,1660
5/24/19,0,0,5,2170
5/25/19,0,0,5,0
5/26/19,0,0,5,2290
5/27/19,0,1,5,440
5/28/19,0,0,5,660
5/29/19,0,0,5,2760
5/30/19,0,0,5,1580
5/31/19,0,0,5,720
6/1/19,0,0,5,130
6/2/19,0,0,5,550
6/3/19,0,0,5,2115
6/4/19,0,0,5,3760
6/5/19,0,0,5,2770
6/6/19,0,0,5,2910
6/7/19,0,0,5,3560
6/8/19,0,0,5,1000
6/9/19,0,0,5,1365
6/10/19,0,0,5,2780
6/11/19,0,0,5,8830
6/12/19,0,0,5,2075
6/13/19,0,0,5,1535
6/14/19,0,0,5,2515
6/15/19,0,0,5,1525
6/16/19,0,0,5,975
6/17/19,0,0,5,5250
6/18/19,0,0,5,3715
6/19/19,0,0,5,5160
6/20/19,0,0,5,2570
6/21/19,0,0,5,4075
6/22/19,0,0,5,1505
6/23/19,0,0,5,935
6/24/19,0,0,5,5565
6/25/19,0,0,5,6635
6/26/19,0,0,5,2090
6/27/19,0,0,5,2425
6/28/19,0,0,5,6370
6/29/19,0,0,5,555
6/30/19,0,0,5,410
7/1/19,0,0,5,4905
7/2/19,0,0,5,4095
7/3/19,0,0,5,3205
7/4/19,0,1,5,55
7/5/19,0,0,5,1250
7/6/19,0,0,5,630
7/7/19,0,0,5,270
7/8/19,0,0,5,1175
7/9/19,0,0,5,1635
7/10/19,0,0,5,2360
7/11/19,0,0,5,4070
7/12/19,0,0,5,1905
7/13/19,0,0,5,245
7/14/19,0,0,5,245
7/15/19,0,0,5,2640
7/16/19,0,0,5,2325
7/17/19,0,0,5,3090
7/18/19,0,0,5,2515
7/19/19,0,0,5,5725
7/20/19,0,0,5,2735
7/21/19,0,0,5,760
7/22/19,0,0,5,2670
7/23/19,0,0,5,4615
7/24/19,0,0,5,3800
7/25/19,0,0,5,4295
7/26/19,0,0,5,4210
7/27/19,0,0,5,370
7/28/19,0,0,5,370
7/29/19,0,0,5,3255
7/30/19,0,0,5,4795
7/31/19,0,0,5,1910
8/1/19,0,0,5,3070
8/2/19,0,0,5,2260
8/3/19,0,0,5,410
8/4/19,0,0,5,165
8/5/19,0,0,5,4280
8/6/19,0,0,5,4230
8/7/19,0,0,5,2510
8/8/19,0,0,5,7610
8/9/19,0,0,5,1810
8/10/19,0,0,5,925
8/11/19,0,0,5,1085
8/12/19,1,0,5,3825
8/13/19,1,0,5,1820
8/14/19,0,0,1,1565
8/15/19,0,0,1,1430
8/16/19,0,0,1,1205
8/17/19,0,0,1,165
8/18/19,0,0,1,365
8/19/19,0,0,1,1695
8/20/19,0,0,1,1590
8/21/19,0,0,6,3900
8/22/19,0,0,6,6380
8/23/19,0,0,6,11370
8/24/19,0,0,6,405
8/25/19,0,0,6,3105
8/26/19,0,0,6,11485
8/27/19,0,0,6,14235
8/28/19,0,0,6,9775
8/29/19,0,0,6,10795
8/30/19,0,0,6,10810
8/31/19,0,0,6,2160
9/1/19,0,0,6,1995
9/2/19,0,1,6,3010
9/3/19,0,0,6,11920
9/4/19,0,0,6,12865
9/5/19,0,0,6,6445
9/6/19,0,0,6,7430
9/7/19,0,0,6,4125
9/8/19,0,0,6,3860
9/9/19,0,0,6,9830
9/10/19,0,0,6,7805
9/11/19,0,0,6,10885
9/12/19,0,0,6,10965
9/13/19,0,0,6,9770
9/14/19,0,0,6,4335
9/15/19,0,0,6,2335
9/16/19,0,0,6,6910
9/17/19,0,0,6,5650
9/18/19,0,0,6,6800
9/19/19,0,0,6,4630
9/20/19,0,0,6,9885
9/21/19,0,0,6,220
9/22/19,0,0,6,865
9/23/19,0,0,6,3080
9/24/19,0,0,6,3300
9/25/19,0,0,6,3240
9/26/19,0,0,6,2245
9/27/19,0,0,6,1610
9/28/19,0,0,6,130
9/29/19,0,0,6,1000
9/30/19,0,0,6,7240
10/1/19,0,0,6,8360
10/2/19,0,0,6,8950
10/3/19,0,0,6,6915
10/4/19,0,0,6,5835
10/5/19,0,0,6,165
10/6/19,0,0,6,205
10/7/19,0,0,6,5430
10/8/19,0,0,6,6075
10/9/19,0,0,6,7160
10/10/19,0,0,6,8910
10/11/19,0,0,6,7765
10/12/19,0,0,6,165
10/13/19,0,0,6,3060
10/14/19,0,0,6,7880
10/15/19,0,0,6,8245
10/16/19,0,0,6,4650
10/17/19,0,0,6,5020
10/18/19,0,0,6,4035
10/19/19,0,0,6,0
10/20/19,0,0,6,0
10/21/19,0,0,6,4470
10/22/19,0,0,6,4770
10/23/19,0,0,6,7410
10/24/19,0,0,6,3400
10/25/19,0,0,6,9730
10/26/19,0,0,6,1325
10/27/19,0,0,6,1355
10/28/19,0,0,6,6890
10/29/19,0,0,6,5995
10/30/19,0,0,6,6210
10/31/19,0,0,6,6560
11/1/19,0,0,6,5585
11/2/19,0,0,6,2090
11/3/19,0,0,6,1350
11/4/19,0,0,6,5975
11/5/19,0,0,6,4445
11/6/19,0,0,6,6270
11/7/19,0,0,6,4075
11/8/19,0,0,6,4895
11/9/19,0,0,6,9570
11/10/19,0,0,6,2430
11/11/19,0,0,6,6315
11/12/19,0,0,6,9850
11/13/19,0,0,6,12040
11/14/19,0,0,6,11180
11/15/19,0,0,6,4235
11/16/19,0,0,6,3665
11/17/19,0,0,6,2050
11/18/19,0,0,6,11785
11/19/19,0,0,6,7860
11/20/19,0,0,6,14845
11/21/19,0,0,6,21635
11/22/19,0,0,6,8410
11/23/19,0,0,6,450
11/24/19,0,0,6,2890
11/25/19,0,0,6,14835
11/26/19,0,0,6,6995
11/27/19,0,1,6,965
11/28/19,0,1,6,0
11/29/19,0,1,6,4835
11/30/19,0,0,6,3405
12/1/19,0,0,6,760
12/2/19,0,0,6,2255
12/3/19,0,0,6,2055
12/4/19,0,0,6,5300
12/5/19,1,0,6,1190
12/6/19,1,0,6,2600
12/7/19,1,0,6,130
12/8/19,1,0,6,900
12/9/19,1,0,6,2125
12/10/19,1,0,6,4125
12/11/19,1,0,6,4060
12/12/19,0,0,1,2730
12/13/19,0,0,1,1255
12/14/19,0,0,1,0
12/15/19,0,0,1,600
12/16/19,0,0,1,1270
12/17/19,0,0,1,2730
12/18/19,0,0,1,2280
12/19/19,0,0,1,3195
12/20/19,0,0,1,3940
12/21/19,0,0,1,0
12/22/19,0,0,1,150
12/23/19,0,0,1,605
12/24/19,0,0,1,110
12/25/19,0,0,1,0
12/26/19,0,0,1,0
12/27/19,0,0,1,0
12/28/19,0,0,1,0
12/29/19,0,0,1,330
12/30/19,0,0,1,0
12/31/19,0,0,1,0
1/1/20,0,1,1,0
1/2/20,0,0,1,1160
1/3/20,0,0,1,910
1/4/20,0,0,1,0
1/5/20,0,0,1,55
1/6/20,0,0,1,3050
1/7/20,0,0,1,2445
1/8/20,0,0,1,3885
1/9/20,0,0,1,1130
1/10/20,0,0,1,1870
1/11/20,0,0,1,0
1/12/20,0,0,1,320
1/13/20,0,0,1,3365
1/14/20,0,0,1,3025
1/15/20,0,0,1,2600
1/16/20,0,0,1,2495
1/17/20,0,0,1,990
1/18/20,0,0,1,300
1/19/20,0,0,1,550
1/20/20,0,1,1,645
1/21/20,0,0,7,12015
1/22/20,0,0,7,17970
1/23/20,0,0,7,11850
1/24/20,0,0,7,7195
1/25/20,0,0,7,35495
1/26/20,0,0,7,1950
1/27/20,0,0,7,14700
1/28/20,0,0,7,16555
1/29/20,0,0,7,5660
1/30/20,0,0,7,6055
1/31/20,0,0,7,8240
2/1/20,0,0,7,9435
2/2/20,0,0,7,3730
2/3/20,0,0,7,9200
2/4/20,0,0,7,11480
2/5/20,0,0,7,7765
2/6/20,0,0,7,7375
2/7/20,0,0,7,8350
2/8/20,0,0,7,465
2/9/20,0,0,7,13455
2/10/20,0,0,7,7175
2/11/20,0,0,7,9130
2/12/20,0,0,7,7345
2/13/20,0,0,7,7545
2/14/20,0,0,7,7900
2/15/20,0,0,7,6070
2/16/20,0,0,7,2725
2/17/20,0,0,7,8615
2/18/20,0,0,7,11365
2/19/20,0,0,7,9815
2/20/20,0,0,7,8705
2/21/20,0,0,7,9535
2/22/20,0,0,7,3005
2/23/20,0,0,7,2310
2/24/20,0,0,7,8350
2/25/20,0,0,7,6605
2/26/20,0,0,7,7715
2/27/20,0,0,7,7685
2/28/20,0,0,7,13725
2/29/20,0,0,7,10615
3/1/20,0,0,7,1940
3/2/20,0,0,7,12285
3/3/20,0,0,7,17410
3/4/20,0,0,7,7950
3/5/20,0,0,7,18040
3/6/20,0,0,7,23625
3/7/20,0,0,7,4665
3/8/20,0,0,7,1840
3/9/20,0,0,7,17985
3/10/20,0,0,7,9690
3/11/20,0,0,7,7825
3/12/20,0,0,7,4670
3/13/20,0,0,7,5845
3/14/20,0,0,7,1455
3/15/20,0,0,7,4195
3/16/20,0,0,7,2135
3/17/20,0,0,7,650
3/18/20,0,0,7,115
3/19/20,0,0,7,150
3/20/20,0,0,7,805
3/21/20,0,0,7,0
3/22/20,0,0,7,40
3/23/20,0,0,7,0
3/24/20,0,0,7,0
3/25/20,0,0,7,0
3/26/20,0,0,7,0
3/27/20,0,0,7,0
3/28/20,0,0,7,0
3/29/20,0,0,7,0
3/30/20,0,0,7,0
3/31/20,0,0,7,0
4/1/20,0,0,7,0
4/2/20,0,0,7,0
4/3/20,0,0,7,0
4/4/20,0,0,7,0
4/5/20,0,0,7,0
4/6/20,0,0,7,0
4/7/20,0,0,7,0
4/8/20,0,0,7,0
4/9/20,0,0,7,0
4/10/20,0,0,7,0
4/11/20,0,0,7,0
4/12/20,0,0,7,0
4/13/20,0,0,7,0
4/14/20,0,0,7,0
4/15/20,0,0,7,0
4/16/20,0,0,7,0
4/17/20,0,0,7,0
4/18/20,0,0,7,0
4/19/20,0,0,7,0
4/20/20,0,0,7,0
4/21/20,0,0,7,0
4/22/20,0,0,7,0
4/23/20,0,0,7,0
4/24/20,0,0,7,0
4/25/20,0,0,7,0
4/26/20,0,0,7,0
4/27/20,0,0,7,0
4/28/20,0,0,7,0
4/29/20,0,0,7,0
4/30/20,0,0,7,150
5/1/20,0,0,7,340
5/2/20,0,0,7,0
5/3/20,0,0,7,0
5/4/20,0,0,7,1315
5/5/20,0,0,7,0
5/6/20,0,0,7,0
5/7/20,0,0,7,0
5/8/20,0,0,7,1575
5/9/20,1,0,7,0
5/10/20,1,0,7,0
5/11/20,1,0,7,0
5/12/20,1,0,7,0
5/13/20,1,0,7,0
5/14/20,1,0,7,0
5/15/20,1,0,7,0
5/16/20,0,0,1,0
5/17/20,0,0,1,0
5/18/20,0,0,8,0
5/19/20,0,0,8,0
5/20/20,0,0,8,0
5/21/20,0,0,8,0
5/22/20,0,0,8,0
5/23/20,0,0,8,0
5/24/20,0,0,8,0
5/25/20,0,1,8,0
5/26/20,0,0,8,0
5/27/20,0,0,8,0
5/28/20,0,0,8,0
5/29/20,0,0,8,0
5/30/20,0,0,8,0
5/31/20,0,0,8,0
6/1/20,0,0,8,0
6/2/20,0,0,8,0
6/3/20,0,0,8,0
6/4/20,0,0,8,0
6/5/20,0,0,8,0
6/6/20,0,0,8,0
6/7/20,0,0,8,0
6/8/20,0,0,8,0
6/9/20,0,0,8,0
6/10/20,0,0,8,0
6/11/20,0,0,8,0
6/12/20,0,0,8,0
6/13/20,0,0,8,0
6/14/20,0,0,8,0
6/15/20,0,0,8,0
6/16/20,0,0,8,0
6/17/20,0,0,8,0
6/18/20,0,0,8,0
6/19/20,0,0,8,0
6/20/20,0,0,8,0
6/21/20,0,0,8,0
6/22/20,0,0,8,0
6/23/20,0,0,8,0
6/24/20,0,0,8,100
6/25/20,0,0,8,0
6/26/20,0,0,8,0
6/27/20,0,0,8,0
6/28/20,0,0,8,0
6/29/20,0,0,8,0
6/30/20,0,0,8,0
7/1/20,0,0,8,0
7/2/20,0,0,8,0
7/3/20,0,0,8,0
7/4/20,0,1,8,0
7/5/20,0,0,8,0
7/6/20,0,0,8,0
7/7/20,0,0,8,0
7/8/20,0,0,8,0
7/9/20,0,0,8,0
7/10/20,0,0,8,0
7/11/20,0,0,8,0
7/12/20,0,0,8,0
7/13/20,0,0,8,0
7/14/20,0,0,8,0
7/15/20,0,0,8,0
7/16/20,0,0,8,0
7/17/20,0,0,8,0
7/18/20,0,0,8,0
7/19/20,0,0,8,55
7/20/20,0,0,8,0
7/21/20,0,0,8,0
7/22/20,0,0,8,0
7/23/20,0,0,8,0
7/24/20,0,0,8,0
7/25/20,0,0,8,0
7/26/20,0,0,8,0
7/27/20,0,0,8,0
7/28/20,0,0,8,0
7/29/20,0,0,8,0
7/30/20,0,0,8,0
7/31/20,0,0,8,0
8/1/20,0,0,8,0
8/2/20,0,0,8,0
8/3/20,0,0,8,0
8/4/20,0,0,8,750
8/5/20,0,0,8,0
8/6/20,0,0,8,0
8/7/20,0,0,8,55
8/8/20,0,0,8,0
8/9/20,0,0,8,0
8/10/20,0,0,8,0
8/11/20,0,0,8,0
8/12/20,0,0,8,0
8/13/20,0,0,8,0
8/14/20,0,0,8,0
8/15/20,0,0,8,0
8/16/20,0,0,8,0
8/17/20,1,0,8,0
8/18/20,1,0,8,0
8/19/20,0,0,1,0
8/20/20,0,0,1,0
8/21/20,0,0,1,0
8/22/20,0,0,1,0
8/23/20,0,0,1,0
8/24/20,0,0,1,0
8/25/20,0,0,1,130
8/26/20,0,0,9,3870
8/27/20,0,0,9,215
8/28/20,0,0,9,130
8/29/20,0,0,9,0
8/30/20,0,0,9,75
8/31/20,0,0,9,1695
9/1/20,0,0,9,225
9/2/20,0,0,9,1020
9/3/20,0,0,9,785
9/4/20,0,0,9,395
9/5/20,0,0,9,0
9/6/20,0,0,9,0
9/7/20,0,1,9,0
9/8/20,0,0,9,150
9/9/20,0,0,9,3205
9/10/20,0,0,9,5625
9/11/20,0,0,9,3980
9/12/20,0,0,9,0
9/13/20,0,0,9,0
9/14/20,0,0,9,4845
9/15/20,0,0,9,3220
9/16/20,0,0,9,6045
9/17/20,0,0,9,5420
9/18/20,0,0,9,280
9/19/20,0,0,9,0
9/20/20,0,0,9,0
9/21/20,0,0,9,3235
9/22/20,0,0,9,6270
9/23/20,0,0,9,6530
9/24/20,0,0,9,4690
9/25/20,0,0,9,4755
9/26/20,0,0,9,120
9/27/20,0,0,9,200
9/28/20,0,0,9,7285
9/29/20,0,0,9,2290
9/30/20,0,0,9,5130
10/1/20,0,0,9,4325
10/2/20,0,0,9,2345
10/3/20,0,0,9,600
10/4/20,0,0,9,120
10/5/20,0,0,9,4155
10/6/20,0,0,9,4545
10/7/20,0,0,9,8700
10/8/20,0,0,9,9795
10/9/20,0,0,9,9675
10/10/20,0,0,9,760
10/11/20,0,0,9,655
10/12/20,0,0,9,7565
10/13/20,0,0,9,7145
10/14/20,0,0,9,8900
10/15/20,0,0,9,4720
10/16/20,0,0,9,8800
10/17/20,0,0,9,0
10/18/20,0,0,9,280
10/19/20,0,0,9,13565
10/20/20,0,0,9,8875
10/21/20,0,0,9,10460
10/22/20,0,0,9,4765
10/23/20,0,0,9,6735
10/24/20,0,0,9,40
10/25/20,0,0,9,760
10/26/20,0,0,9,6830
10/27/20,0,0,9,10945
10/28/20,0,0,9,5805
10/29/20,0,0,9,8580
10/30/20,0,0,9,6155
10/31/20,0,0,9,40
11/1/20,0,0,9,240
11/2/20,0,0,9,11260
11/3/20,0,0,9,6560
11/4/20,0,0,9,5105
11/5/20,0,0,9,6810
11/6/20,0,0,9,7350
11/7/20,0,0,9,720
11/8/20,0,0,9,120
11/9/20,0,0,9,9120
11/10/20,0,0,9,6430
11/11/20,0,0,9,5310
11/12/20,0,0,9,5870
11/13/20,0,0,9,4105
11/14/20,0,0,9,320
11/15/20,0,0,9,120
11/16/20,0,0,9,4685
11/17/20,0,0,9,4670
11/18/20,0,0,9,3690
11/19/20,0,0,9,7075
11/20/20,0,0,9,6180
11/21/20,0,0,9,2120
11/22/20,0,0,9,80
11/23/20,0,0,9,4540
11/24/20,0,0,9,5395
11/25/20,0,1,9,1600
11/26/20,0,1,9,40
11/27/20,0,1,9,40
11/28/20,0,0,9,80
11/29/20,0,0,9,0
11/30/20,0,0,9,2470
12/1/20,0,0,9,650
12/2/20,0,0,9,6595
12/3/20,0,0,9,5570
12/4/20,0,0,9,2340
12/5/20,0,0,9,240
12/6/20,0,0,9,40
12/7/20,0,0,9,3025
12/8/20,0,0,9,6060
12/9/20,0,1,9,2925
12/10/20,1,0,9,2880
12/11/20,1,0,9,1185
12/12/20,1,0,9,0
12/13/20,1,0,9,0
12/14/20,1,0,9,0
12/15/20,1,0,9,110
12/16/20,1,0,9,0
12/17/20,0,0,1,265
12/18/20,0,0,1,0
12/19/20,0,0,1,0
12/20/20,0,0,1,0
12/21/20,0,0,1,0
12/22/20,0,0,1,1150
12/23/20,0,0,1,0
12/24/20,0,0,1,0
12/25/20,0,0,1,0
12/26/20,0,0,1,0
12/27/20,0,0,1,0
12/28/20,0,0,1,0
12/29/20,0,0,1,0
12/30/20,0,0,1,0
12/31/20,0,0,1,0
1/1/21,0,1,1,0
1/2/21,0,0,1,0
1/3/21,0,0,1,0
1/4/21,0,0,1,0
1/5/21,0,0,1,0
1/6/21,0,0,1,0
1/7/21,0,0,1,0
1/8/21,0,0,1,0
1/9/21,0,0,1,0
1/10/21,0,0,1,0
1/11/21,0,0,1,0
1/12/21,0,0,1,710
1/13/21,0,0,1,1345
1/14/21,0,0,1,685
1/15/21,0,0,1,1165
1/16/21,0,0,1,0
1/17/21,0,0,1,0
1/18/21,0,1,1,0
1/19/21,0,0,10,560
1/20/21,0,0,10,2595
1/21/21,0,0,10,1950
1/22/21,0,0,10,1535
1/23/21,0,0,10,0
1/24/21,0,0,10,0
1/25/21,0,0,10,1650
1/26/21,0,0,10,2255
1/27/21,0,0,10,3905
1/28/21,0,0,10,1880
1/29/21,0,0,10,3525
1/30/21,0,0,10,0
1/31/21,0,0,10,0
2/1/21,0,0,10,4465
2/2/21,0,0,10,6585
2/3/21,0,0,10,7330
2/4/21,0,0,10,4110
2/5/21,0,0,10,4040
2/6/21,0,0,10,675
2/7/21,0,0,10,120
2/8/21,0,0,10,4860
2/9/21,0,0,10,4630
2/10/21,0,0,10,6125
2/11/21,0,0,10,40
2/12/21,0,0,10,4405
2/13/21,0,0,10,0
2/14/21,0,0,10,0
2/15/21,0,0,10,0
2/16/21,0,0,10,0
2/17/21,0,0,10,0
2/18/21,0,0,10,0
2/19/21,0,0,10,0
2/20/21,0,0,10,0
2/21/21,0,0,10,0
2/22/21,0,0,10,5855
2/23/21,0,0,10,6280
2/24/21,0,0,10,9145
2/25/21,0,0,10,5145
2/26/21,0,0,10,6175
2/27/21,0,0,10,200
2/28/21,0,0,10,40
3/1/21,0,0,10,5795
3/2/21,0,0,10,5450
3/3/21,0,0,10,7610
3/4/21,0,0,10,4880
3/5/21,0,0,10,6915
3/6/21,0,0,10,520
3/7/21,0,0,10,480
3/8/21,0,0,10,3805
3/9/21,0,0,10,5420
3/10/21,0,0,10,6520
3/11/21,0,0,10,5575
3/12/21,0,0,10,6375
3/13/21,0,0,10,360
3/14/21,0,0,10,120
3/15/21,0,0,10,1765
3/16/21,0,0,10,1560
3/17/21,0,0,10,1125
3/18/21,0,0,10,1680
3/19/21,0,0,10,200
3/20/21,0,0,10,160
3/21/21,0,0,10,120
3/22/21,0,0,10,6610
3/23/21,0,0,10,7515
3/24/21,0,0,10,6855
3/25/21,0,0,10,6875
3/26/21,0,0,10,6225
3/27/21,0,0,10,560
3/28/21,0,0,10,280
3/29/21,0,0,10,7185
3/30/21,0,0,10,6180
3/31/21,0,0,10,5820
4/1/21,0,0,10,6230
4/2/21,0,0,10,5275
4/3/21,0,0,10,280
4/4/21,0,0,10,0
4/5/21,0,0,10,3880
4/6/21,0,0,10,6580
4/7/21,0,0,10,6920
4/8/21,0,0,10,5470
4/9/21,0,0,10,4565
4/10/21,0,0,10,520
4/11/21,0,0,10,160
4/12/21,0,0,10,5095
4/13/21,0,0,10,4120
4/14/21,0,0,10,4795
4/15/21,0,0,10,5115
4/16/21,0,0,10,5170
4/17/21,0,0,10,720
4/18/21,0,0,10,160
4/19/21,0,0,10,5380
4/20/21,0,0,10,4435
4/21/21,0,0,10,4830
4/22/21,0,0,10,4600
4/23/21,0,0,10,5040
4/24/21,0,0,10,120
4/25/21,0,0,10,320
4/26/21,0,0,10,4020
4/27/21,0,0,10,3970
4/28/21,0,0,10,5665
4/29/21,0,0,10,2305
4/30/21,0,0,10,3440
5/1/21,0,0,10,240
5/2/21,0,0,10,120
5/3/21,0,0,10,3745
5/4/21,0,0,10,2980
5/5/21,0,1,10,2465
5/6/21,1,0,10,4215
5/7/21,1,0,10,4860
5/8/21,1,0,10,1320
5/9/21,1,0,10,80
5/10/21,1,0,10,3985
5/11/21,1,0,10,3690
5/12/21,1,0,10,5060
5/13/21,0,0,1,1775
5/14/21,0,0,1,1895
5/15/21,0,0,1,400
5/16/21,0,0,1,80
5/17/21,0,0,11,6495
5/18/21,0,0,11,2315
5/19/21,0,0,11,1645
5/20/21,0,0,11,40
5/21/21,0,0,11,95
5/22/21,0,0,11,0
5/23/21,0,0,11,0
5/24/21,0,0,11,1225
5/25/21,0,0,11,1245
5/26/21,0,0,11,1875
5/27/21,0,0,11,955
5/28/21,0,0,11,1085
5/29/21,0,0,11,0
5/30/21,0,0,11,0
5/31/21,0,1,11,0
6/1/21,0,0,11,480
6/2/21,0,0,11,485
6/3/21,0,0,11,1055
6/4/21,0,0,11,295
6/5/21,0,0,11,0
6/6/21,0,0,11,0
6/7/21,0,0,11,1775
6/8/21,0,0,11,1235
6/9/21,0,0,11,2525
6/10/21,0,0,11,1830
6/11/21,0,0,11,600
6/12/21,0,0,11,0
6/13/21,0,0,11,0
6/14/21,0,0,11,3185
6/15/21,0,0,11,3470
6/16/21,0,0,11,1415
6/17/21,0,0,11,760
6/18/21,0,0,11,2440
6/19/21,0,0,11,500
6/20/21,0,0,11,0
6/21/21,0,0,11,5225
6/22/21,0,0,11,3485
6/23/21,0,0,11,1740
6/24/21,0,0,11,2760
6/25/21,0,0,11,845
6/26/21,0,0,11,80
6/27/21,0,0,11,0
6/28/21,0,0,11,5975
6/29/21,0,0,11,5275
6/30/21,0,0,11,3530
7/1/21,0,0,11,6260
7/2/21,0,0,11,3280
7/3/21,0,0,11,320
7/4/21,0,1,11,80
7/5/21,0,0,11,280
7/6/21,0,0,11,4280
7/7/21,0,0,11,4400
7/8/21,0,0,11,3545
7/9/21,0,0,11,3015
7/10/21,0,0,11,80
7/11/21,0,0,11,240
7/12/21,0,0,11,4730
7/13/21,0,0,11,4445
7/14/21,0,0,11,4990
7/15/21,0,0,11,5265
7/16/21,0,0,11,3165
7/17/21,0,0,11,480
7/18/21,0,0,11,120
7/19/21,0,0,11,3450
7/20/21,0,0,11,3890
7/21/21,0,0,11,3465
7/22/21,0,0,11,2900
7/23/21,0,0,11,3020
7/24/21,0,0,11,120
7/25/21,0,0,11,80
7/26/21,0,0,11,4810
7/27/21,0,0,11,5195
7/28/21,0,0,11,5350
7/29/21,0,0,11,5825
7/30/21,0,0,11,4590
7/31/21,0,0,11,120
8/1/21,0,0,11,200
8/2/21,0,0,11,2065
8/3/21,0,0,11,2440
8/4/21,0,0,11,965
8/5/21,0,0,11,1675
8/6/21,0,0,11,2095
8/7/21,0,0,11,0
8/8/21,0,0,11,0
8/9/21,0,0,11,2280
8/10/21,0,0,11,3155
8/11/21,0,0,11,1835
8/12/21,0,0,11,2055
8/13/21,0,0,11,1415
8/14/21,0,0,11,0
8/15/21,0,0,11,0
8/16/21,1,0,11,2235
8/17/21,1,0,11,1455
8/18/21,0,0,1,40
8/19/21,0,0,1,0
8/20/21,0,0,1,175
8/21/21,0,0,1,0
8/22/21,0,0,1,0
8/23/21,0,0,1,640
8/24/21,0,0,1,280
8/25/21,0,0,12,0
8/26/21,0,0,12,200
8/27/21,0,0,12,675
8/28/21,0,0,12,0
8/29/21,0,0,12,0
8/30/21,0,0,12,600
8/31/21,0,0,12,1285
9/1/21,0,0,12,2915
9/2/21,0,0,12,3250
9/3/21,0,0,12,2330
9/4/21,0,0,12,0
9/5/21,0,0,12,0
9/6/21,0,1,12,120
9/7/21,0,0,12,11680
9/8/21,0,0,12,14230
9/9/21,0,0,12,7940
9/10/21,0,0,12,8460
9/11/21,0,0,12,0
9/12/21,0,0,12,0
9/13/21,0,0,12,7980
9/14/21,0,0,12,7530
9/15/21,0,0,12,10330
9/16/21,0,0,12,10285
9/17/21,0,0,12,8705
9/18/21,0,0,12,0
9/19/21,0,0,12,40
9/20/21,0,0,12,14530
9/21/21,0,0,12,7245
9/22/21,0,0,12,13895
9/23/21,0,0,12,7675
9/24/21,0,0,12,11035
9/25/21,0,0,12,0
9/26/21,0,0,12,0
9/27/21,0,0,12,12715
9/28/21,0,0,12,6200
9/29/21,0,0,12,13900
9/30/21,0,0,12,6115
10/1/21,0,0,12,6535
10/2/21,0,0,12,0
10/3/21,0,0,12,0
10/4/21,0,0,12,10665
10/5/21,0,0,12,5390
10/6/21,0,0,12,13060
10/7/21,0,0,12,5035
10/8/21,0,0,12,6835
10/9/21,0,0,12,0
10/10/21,0,0,12,0
10/11/21,0,0,12,12420
10/12/21,0,0,12,5680
10/13/21,0,0,12,13205
10/14/21,0,0,12,11115
10/15/21,0,0,12,8085
10/16/21,0,0,12,0
10/17/21,0,0,12,40
10/18/21,0,0,12,10220
10/19/21,0,0,12,10775
10/20/21,0,0,12,10365
10/21/21,0,0,12,7670
10/22/21,0,0,12,5975
10/23/21,0,0,12,0
10/24/21,0,0,12,0
10/25/21,0,0,12,5920
10/26/21,0,0,12,8490
10/27/21,0,0,12,7735
10/28/21,0,0,12,8060
10/29/21,0,0,12,5900
10/30/21,0,0,12,1080
10/31/21,0,0,12,200
11/1/21,0,0,12,10505
11/2/21,0,0,12,7115
11/3/21,0,0,12,11420
11/4/21,0,0,12,10185
11/5/21,0,0,12,8595
11/6/21,0,0,12,880
11/7/21,0,0,12,280
11/8/21,0,0,12,12230
11/9/21,0,0,12,9855
11/10/21,0,0,12,12045
11/11/21,0,0,12,10840
11/12/21,0,0,12,5520
11/13/21,0,0,12,0
11/14/21,0,0,12,80
11/15/21,0,0,12,8590
11/16/21,0,0,12,8085
11/17/21,0,0,12,7950
11/18/21,0,0,12,8285
11/19/21,0,0,12,7225
11/20/21,0,0,12,40
11/21/21,0,0,12,40
11/22/21,0,0,12,10290
11/23/21,0,0,12,6990
11/24/21,0,0,12,4935
11/25/21,0,1,12,0
11/26/21,0,1,12,40
11/27/21,0,1,12,320
11/28/21,0,0,12,120
11/29/21,0,0,12,11640
11/30/21,0,0,12,8035
12/1/21,0,0,12,9745
12/2/21,0,0,12,9300
12/3/21,0,0,12,8190
12/4/21,0,0,12,880
12/5/21,0,0,12,480
12/6/21,0,0,12,8505
12/7/21,0,0,12,8680
12/8/21,0,1,12,5105
12/9/21,1,0,12,6510
12/10/21,1,0,12,4715
12/11/21,1,0,12,1560
12/12/21,1,0,12,120
12/13/21,1,0,12,6370
12/14/21,1,0,12,3970
12/15/21,1,0,12,2085
12/16/21,0,0,1,0
12/17/21,0,0,1,0
12/18/21,0,0,1,200
12/19/21,0,0,1,0
12/20/21,0,0,1,810
12/21/21,0,0,1,280
12/22/21,0,0,1,360
12/23/21,0,0,1,40
12/24/21,0,0,1,0
12/25/21,0,0,1,0
12/26/21,0,0,1,0
12/27/21,0,0,1,0
12/28/21,0,0,1,0
12/29/21,0,0,1,0
12/30/21,0,0,1,0
12/31/21,0,0,1,0
1/1/22,0,0,1,0
1/2/22,0,0,1,0
1/3/22,0,0,1,610
1/4/22,0,0,1,440
1/5/22,0,0,1,1480
1/6/22,0,0,1,160
1/7/22,0,0,1,1085
1/8/22,0,0,1,0
1/9/22,0,0,1,0
1/10/22,0,0,1,355
1/11/22,0,0,1,80
1/12/22,0,0,1,80
1/13/22,0,0,1,55
1/14/22,0,0,1,0
1/15/22,0,0,1,0
1/16/22,0,0,1,0
1/17/22,0,1,1,0
1/18/22,0,0,13,160
1/19/22,0,0,13,900
1/20/22,0,0,13,855
1/21/22,0,0,13,590
1/22/22,0,0,13,40
1/23/22,0,0,13,0
1/24/22,0,0,13,315
1/25/22,0,0,13,275
1/26/22,0,0,13,120
1/27/22,0,0,13,0
1/28/22,0,0,13,630
1/29/22,0,0,13,0
1/30/22,0,0,13,0
1/31/22,0,0,13,0
2/1/22,0,0,13,150
2/2/22,0,0,13,0
2/3/22,0,0,13,0
2/4/22,0,0,13,0
2/5/22,0,0,13,0
2/6/22,0,0,13,0
2/7/22,0,0,13,1310
2/8/22,0,0,13,2640
2/9/22,0,0,13,2500
2/10/22,0,0,13,400
2/11/22,0,0,13,1290
2/12/22,0,0,13,0
2/13/22,0,0,13,0
2/14/22,0,0,13,10010
2/15/22,0,0,13,8565
2/16/22,0,0,13,6400
2/17/22,0,0,13,7605
2/18/22,0,0,13,5625
2/19/22,0,0,13,0
2/20/22,0,0,13,0
2/21/22,0,0,13,11385
2/22/22,0,0,13,8005
2/23/22,0,0,13,735
2/24/22,0,0,13,0
2/25/22,0,0,13,2590
2/26/22,0,0,13,0
2/27/22,0,0,13,0
2/28/22,0,0,13,6670
3/1/22,0,0,13,10190
3/2/22,0,0,13,6485
3/3/22,0,0,13,9890
3/4/22,0,0,13,6925
3/5/22,0,0,13,0
3/6/22,0,0,13,0
3/7/22,0,0,13,6895
3/8/22,0,0,13,8225
3/9/22,0,0,13,5660
3/10/22,0,0,13,5650
3/11/22,0,0,13,4745
3/12/22,0,0,13,0
3/13/22,0,0,13,0
3/14/22,0,0,13,1495
3/15/22,0,0,13,3585
3/16/22,0,0,13,155
3/17/22,0,0,13,0
3/18/22,0,0,13,270
3/19/22,0,0,13,0
3/20/22,0,0,13,0
3/21/22,0,0,13,6630
3/22/22,0,0,13,6865
3/23/22,0,0,13,6265
3/24/22,0,0,13,10440
3/25/22,0,0,13,1825
3/26/22,0,0,13,0
3/27/22,0,0,13,0
3/28/22,0,0,13,5565
3/29/22,0,0,13,7085
3/30/22,0,0,13,5475
3/31/22,0,0,13,7600
4/1/22,0,0,13,4305
4/2/22,0,0,13,0
4/3/22,0,0,13,0
4/4/22,0,0,13,6500
4/5/22,0,0,13,8680
4/6/22,0,0,13,5820
4/7/22,0,0,13,7375
4/8/22,0,0,13,3280
4/9/22,0,0,13,0
4/10/22,0,0,13,0
4/11/22,0,0,13,5890
4/12/22,0,0,13,9015
4/13/22,0,0,13,3815
4/14/22,0,0,13,8865
4/15/22,0,0,13,4950
4/16/22,0,0,13,0
4/17/22,0,0,13,0
4/18/22,0,0,13,5080
4/19/22,0,0,13,9015
4/20/22,0,0,13,4030
4/21/22,0,0,13,4570
4/22/22,0,0,13,3240
4/23/22,0,0,13,0
4/24/22,0,0,13,0
4/25/22,0,0,13,4850
4/26/22,0,0,13,2630
4/27/22,0,0,13,4535
4/28/22,0,0,13,5690
4/29/22,0,0,13,810
4/30/22,0,0,13,0
5/1/22,0,0,13,0
5/2/22,0,0,13,2045
5/3/22,0,0,13,6740
5/4/22,0,0,13,3590
5/5/22,1,0,13,7700
5/6/22,1,0,13,5085
5/7/22,1,0,13,0
5/8/22,1,0,13,0
5/9/22,1,0,13,1460
5/10/22,1,0,13,705
5/11/22,1,0,13,0
5/12/22,0,0,1,0
5/13/22,0,0,1,0
5/14/22,0,0,1,0
5/15/22,0,0,1,0
5/16/22,0,0,14,40
5/17/22,0,0,14,4910
5/18/22,0,0,14,6660
5/19/22,0,0,14,4460
5/20/22,0,0,14,1645
5/21/22,0,0,14,0
5/22/22,0,0,14,0
5/23/22,0,0,14,560
5/24/22,0,0,14,1365
5/25/22,0,0,14,525
5/26/22,0,0,14,135
5/27/22,0,0,14,440
5/28/22,0,0,14,0
5/29/22,0,0,14,0
5/30/22,0,1,14,0
5/31/22,0,0,14,2180
6/1/22,0,0,14,1665
6/2/22,0,0,14,945
6/3/22,0,0,14,475
6/4/22,0,0,14,0
6/5/22,0,0,14,0
6/6/22,0,0,14,5835
6/7/22,0,0,14,9550
6/8/22,0,0,14,7280
6/9/22,0,0,14,3100
6/10/22,0,0,14,770
6/11/22,0,0,14,0
6/12/22,0,0,14,0
6/13/22,0,0,14,5500
6/14/22,0,0,14,6875
6/15/22,0,0,14,945
6/16/22,0,0,14,3210
6/17/22,0,1,14,0
6/18/22,0,0,14,0
6/19/22,0,0,14,0
6/20/22,0,0,14,4565
6/21/22,0,0,14,5250
6/22/22,0,0,14,5510
6/23/22,0,0,14,2315
6/24/22,0,0,14,2290
6/25/22,0,0,14,0
6/26/22,0,0,14,0
6/27/22,0,0,14,7220
6/28/22,0,0,14,5345
6/29/22,0,0,14,5390
6/30/22,0,0,14,3195
7/1/22,0,0,14,2595
7/2/22,0,0,14,0
7/3/22,0,0,14,0
7/4/22,0,1,14,0
7/5/22,0,0,14,2435
7/6/22,0,0,14,3480
7/7/22,0,0,14,3520
7/8/22,0,0,14,3455
7/9/22,0,0,14,0
7/10/22,0,0,14,0
7/11/22,0,0,14,3265
7/12/22,0,0,14,5755
7/13/22,0,0,14,3715
7/14/22,0,0,14,5465
7/15/22,0,0,14,1850
7/16/22,0,0,14,0
7/17/22,0,0,14,0
7/18/22,0,0,14,5780
7/19/22,0,0,14,7280
7/20/22,0,0,14,3450
7/21/22,0,0,14,4755
7/22/22,0,0,14,3385
7/23/22,0,0,14,0
7/24/22,0,0,14,0
7/25/22,0,0,14,4355
7/26/22,0,0,14,7195
7/27/22,0,0,14,6200
7/28/22,0,0,14,3735
7/29/22,0,0,14,2505
7/30/22,0,0,14,0
7/31/22,0,0,14,0
8/1/22,0,0,14,5450
8/2/22,0,0,14,7230
8/3/22,0,0,14,5615
8/4/22,0,0,14,4690
8/5/22,0,0,14,3765
8/6/22,0,0,14,0
8/7/22,0,0,14,0
8/8/22,0,0,14,4935
8/9/22,0,0,14,3070
8/10/22,0,0,14,4620
8/11/22,1,0,14,3080
8/12/22,1,0,14,1365
8/13/22,0,0,1,0
8/14/22,0,0,1,0
8/15/22,0,0,1,5165
8/16/22,0,0,1,2085
8/17/22,0,0,1,4535
8/18/22,0,0,1,2665
8/19/22,0,0,1,0
8/20/22,0,0,1,0
8/21/22,0,0,1,0
8/22/22,0,0,15,810
8/23/22,0,0,15,685
8/24/22,0,0,15,2400
8/25/22,0,0,15,4180
8/26/22,0,0,15,5285
8/27/22,0,0,15,0
8/28/22,0,0,15,0
8/29/22,0,0,15,6805
8/30/22,0,0,15,8860
8/31/22,0,0,15,9425
9/1/22,0,0,15,7510
9/2/22,0,0,15,5535
9/3/22,0,0,15,0
9/4/22,0,0,15,0
9/5/22,0,1,15,0
9/6/22,0,0,15,13445
9/7/22,0,0,15,10650
9/8/22,0,0,15,11610
9/9/22,0,0,15,11710
9/10/22,0,0,15,0
9/11/22,0,0,15,0
9/12/22,0,0,15,14065
9/13/22,0,0,15,10375
9/14/22,0,0,15,7630
9/15/22,0,0,15,13350
9/16/22,0,0,15,9050
9/17/22,0,0,15,0
9/18/22,0,0,15,0
9/19/22,0,0,15,12125
9/20/22,0,0,15,13585
9/21/22,0,0,15,12460
9/22/22,0,0,15,12540
9/23/22,0,0,15,11445
9/24/22,0,0,15,0
9/25/22,0,0,15,0
9/26/22,0,0,15,13805
9/27/22,0,0,15,12565
9/28/22,0,0,15,8230
9/29/22,0,0,15,8455
9/30/22,0,0,15,55
10/1/22,0,0,15,0
10/2/22,0,0,15,0
10/3/22,0,0,15,11730
10/4/22,0,0,15,10275
10/5/22,0,0,15,7880
10/6/22,0,0,15,5915
10/7/22,0,0,15,6390
10/8/22,0,0,15,0
10/9/22,0,0,15,0
10/10/22,0,0,15,10435
10/11/22,0,0,15,12030
10/12/22,0,0,15,7975
10/13/22,0,0,15,5655
10/14/22,0,0,15,6710
10/15/22,0,0,15,0
10/16/22,0,0,15,0
10/17/22,0,0,15,8415
10/18/22,0,0,15,9895
10/19/22,0,0,15,6670
10/20/22,0,0,15,10425
10/21/22,0,0,15,7065
10/22/22,0,0,15,0
10/23/22,0,0,15,0
10/24/22,0,0,15,5525
10/25/22,0,0,15,11780
10/26/22,0,0,15,7415
10/27/22,0,0,15,9105
10/28/22,0,0,15,5120
10/29/22,0,0,15,0
10/30/22,0,0,15,0
10/31/22,0,0,15,5680
11/1/22,0,0,15,5470
11/2/22,0,0,15,8185
11/3/22,0,0,15,7775
11/4/22,0,0,15,3635
11/5/22,0,0,15,0
11/6/22,0,0,15,0
11/7/22,0,0,15,6530
11/8/22,0,0,15,6870
11/9/22,0,0,15,4545
11/10/22,0,0,15,9390
11/11/22,0,0,15,4300
11/12/22,0,0,15,0
11/13/22,0,0,15,0
11/14/22,0,0,15,5460
11/15/22,0,0,15,7385
11/16/22,0,0,15,7880
11/17/22,0,0,15,8205
11/18/22,0,0,15,6490
11/19/22,0,0,15,0
11/20/22,0,0,15,0
11/21/22,0,0,15,6140
11/22/22,0,0,15,6355
11/23/22,0,1,15,745
11/24/22,0,1,15,0
11/25/22,0,1,15,0
11/26/22,0,0,15,0
11/27/22,0,0,15,0
11/28/22,0,0,15,6065
11/29/22,0,0,15,10080
11/30/22,0,0,15,7565
12/1/22,0,0,15,9385
12/2/22,0,0,15,8700
12/3/22,0,0,15,0
12/4/22,0,0,15,0
12/5/22,0,0,15,4940
12/6/22,0,0,15,10190
12/7/22,0,1,15,8860
12/8/22,1,0,15,3315
12/9/22,1,0,15,6730
12/10/22,1,0,15,1010
12/11/22,1,0,15,0
12/12/22,1,0,15,7245
12/13/22,1,0,15,5675
12/14/22,1,0,15,1765
12/15/22,0,0,1,130
12/16/22,0,0,1,3685
12/17/22,0,0,1,0
12/18/22,0,0,1,0
12/19/22,0,0,1,2480
12/20/22,0,0,1,2730
12/21/22,0,0,1,575
12/22/22,0,0,1,0
12/23/22,0,0,1,0
12/24/22,0,0,1,0
12/25/22,0,0,1,0
12/26/22,0,0,1,0
12/27/22,0,0,1,0
12/28/22,0,0,1,0
12/29/22,0,0,1,0
12/30/22,0,0,1,0
12/31/22,0,0,1,0
1/1/23,0,0,1,0
1/2/23,0,0,1,115
1/3/23,0,0,1,220
1/4/23,0,0,1,165
1/5/23,0,0,1,120
1/6/23,0,0,1,200
1/7/23,0,0,1,0
1/8/23,0,0,1,0
1/9/23,0,0,1,0
1/10/23,0,0,1,0
1/11/23,0,0,1,75
1/12/23,0,0,1,0
1/13/23,0,0,1,0
1/14/23,0,0,1,0
1/15/23,0,0,1,0
1/16/23,0,1,1,0
1/17/23,0,0,16,715
1/18/23,0,0,16,1475
1/19/23,0,0,16,2475
1/20/23,0,0,16,3555
1/21/23,0,0,16,0
1/22/23,0,0,16,0
1/23/23,0,0,16,5320
1/24/23,0,0,16,3825
1/25/23,0,0,16,4195
1/26/23,0,0,16,5870
1/27/23,0,0,16,4420
1/28/23,0,0,16,0
1/29/23,0,0,16,0
1/30/23,0,0,16,2290
1/31/23,0,0,16,0
2/1/23,0,0,16,0
2/2/23,0,0,16,0
2/3/23,0,0,16,0
2/4/23,0,0,16,0
2/5/23,0,0,16,0
2/6/23,0,0,16,7110
2/7/23,0,0,16,9115
2/8/23,0,0,16,9710
2/9/23,0,0,16,12880
2/10/23,0,0,16,8095
2/11/23,0,0,16,0
2/12/23,0,0,16,0
2/13/23,0,0,16,9625
2/14/23,0,0,16,11245
2/15/23,0,0,16,12510
2/16/23,0,0,16,9880
2/17/23,0,0,16,9750
2/18/23,0,0,16,0
2/19/23,0,0,16,0
2/20/23,0,0,16,11625
2/21/23,0,0,16,12225
2/22/23,0,0,16,9930
2/23/23,0,0,16,5580
2/24/23,0,0,16,7795
2/25/23,0,0,16,220
2/26/23,0,0,16,0
2/27/23,0,0,16,9050
2/28/23,0,0,16,7920
3/1/23,0,0,16,9330
3/2/23,0,0,16,4860
3/3/23,0,0,16,6015
3/4/23,0,0,16,0
3/5/23,0,0,16,0
3/6/23,0,0,16,8275
3/7/23,0,0,16,13975
3/8/23,0,0,16,10985
3/9/23,0,0,16,9670
3/10/23,0,0,16,5280
3/11/23,0,0,16,0
3/12/23,0,0,16,0
3/13/23,0,0,16,1015
3/14/23,0,0,16,110
3/15/23,0,0,16,0
3/16/23,0,0,16,0
3/17/23,0,0,16,0
3/18/23,0,0,16,0
3/19/23,0,0,16,0
3/20/23,0,0,16,8180
3/21/23,0,0,16,4320
3/22/23,0,0,16,7750
3/23/23,0,0,16,7130
3/24/23,0,0,16,75
3/25/23,0,0,16,0
3/26/23,0,0,16,0
3/27/23,0,0,16,7340
3/28/23,0,0,16,7680
3/29/23,0,0,16,8080
3/30/23,0,0,16,7825
3/31/23,0,0,16,4690
4/1/23,0,0,16,0
4/2/23,0,0,16,0
4/3/23,0,0,16,6760
4/4/23,0,0,16,7155
4/5/23,0,0,16,6890
4/6/23,0,0,16,4275
4/7/23,0,0,16,5650
4/8/23,0,0,16,0
4/9/23,0,0,16,0
4/10/23,0,0,16,8880
4/11/23,0,0,16,7125
4/12/23,0,0,16,7855
4/13/23,0,0,16,6850
4/14/23,0,0,16,4295
4/15/23,0,0,16,0
4/16/23,0,0,16,0
4/17/23,0,0,16,6745
4/18/23,0,0,16,8300
4/19/23,0,0,16,7380
4/20/23,0,0,16,7935
4/21/23,0,0,16,6510
4/22/23,0,0,16,0
4/23/23,0,0,16,0
4/24/23,0,0,16,1565
4/25/23,0,0,16,635
4/26/23,0,0,16,0
4/27/23,0,0,16,0
4/28/23,0,0,16,0
4/29/23,0,0,16,0
4/30/23,0,0,16,0
5/1/23,0,0,16,8435
5/2/23,0,0,16,6625
5/3/23,0,1,16,8170
5/4/23,1,0,16,5780
5/5/23,1,0,16,205
5/6/23,1,0,16,0
5/7/23,1,0,16,0
5/8/23,1,0,16,7740
5/9/23,1,0,16,3835
5/10/23,1,0,16,1975
5/11/23,0,0,1,440
5/12/23,0,0,1,2335
5/13/23,0,0,1,0
5/14/23,0,0,17,0
5/15/23,0,0,17,560
5/16/23,0,0,17,0
5/17/23,0,0,17,185
5/18/23,0,0,17,1375
5/19/23,0,0,17,1270
5/20/23,0,0,17,0
5/21/23,0,0,17,0
5/22/23,0,0,17,1380
5/23/23,0,0,17,3985
5/24/23,0,0,17,1140
5/25/23,0,0,17,480
5/26/23,0,0,17,910
5/27/23,0,0,17,0
5/28/23,0,0,17,0
5/29/23,0,1,17,0
5/30/23,0,0,17,2275
5/31/23,0,0,17,4205
6/1/23,0,0,17,3225
6/2/23,0,0,17,2960
6/3/23,0,0,17,0
6/4/23,0,0,17,0
6/5/23,0,0,17,7435
6/6/23,0,0,17,6355
6/7/23,0,0,17,3395
6/8/23,0,0,17,6445
6/9/23,0,0,17,1810
6/10/23,0,0,17,0
6/11/23,0,0,17,0
6/12/23,0,0,17,4190
6/13/23,0,0,17,4330
6/14/23,0,0,17,1365
6/15/23,0,0,17,5645
6/16/23,0,0,17,1525
6/17/23,0,0,17,0
6/18/23,0,0,17,0
6/19/23,0,1,17,0
6/20/23,0,0,17,2505
6/21/23,0,0,17,5410
6/22/23,0,0,17,5380
6/23/23,0,0,17,3725
6/24/23,0,0,17,0
6/25/23,0,0,17,0
6/26/23,0,0,17,2625
6/27/23,0,0,17,3615
6/28/23,0,0,17,2145
6/29/23,0,0,17,2835
6/30/23,0,0,17,2065
7/1/23,0,0,17,0
7/2/23,0,0,17,40
7/3/23,0,0,17,0
7/4/23,0,1,17,0
7/5/23,0,0,17,2820
7/6/23,0,0,17,3570
7/7/23,0,0,17,1795
7/8/23,0,0,17,0
7/9/23,0,0,17,0
7/10/23,0,0,17,3925
7/11/23,0,0,17,4520
7/12/23,0,0,17,240
7/13/23,0,0,17,1840
7/14/23,0,0,17,1180
7/15/23,0,0,17,0
7/16/23,0,0,17,0
7/17/23,0,0,17,3200
7/18/23,0,0,17,2560
7/19/23,0,0,17,4930
7/20/23,0,0,17,4555
7/21/23,0,0,17,2930
7/22/23,0,0,17,0
7/23/23,0,0,17,0
7/24/23,0,0,17,4255
7/25/23,0,0,17,3095
7/26/23,0,0,17,3960
7/27/23,0,0,17,4980
7/28/23,0,0,17,2270
7/29/23,0,0,17,0
7/30/23,0,0,17,0
7/31/23,0,0,17,2510
8/1/23,0,0,17,1385
8/2/23,0,0,17,2595
8/3/23,0,0,17,3020
8/4/23,0,0,17,665
8/5/23,0,0,17,0
8/6/23,0,0,17,0
8/7/23,0,0,17,2435
8/8/23,0,0,17,640
8/9/23,0,0,17,1525
8/10/23,1,0,17,1930
8/11/23,1,0,17,560
8/12/23,0,0,1,0
8/13/23,0,0,1,0
8/14/23,0,0,1,940
8/15/23,0,0,1,2835
8/16/23,0,0,1,2150
8/17/23,0,0,1,0
8/18/23,0,0,1,0
8/19/23,0,0,1,0
8/20/23,0,0,1,0
8/21/23,0,0,18,4425
8/22/23,0,0,18,6580
8/23/23,0,0,18,4525
8/24/23,0,0,18,2995
8/25/23,0,0,18,5085
8/26/23,0,0,18,0
8/27/23,0,0,18,0
8/28/23,0,0,18,6095
8/29/23,0,0,18,11380
8/30/23,0,0,18,7225
8/31/23,0,0,18,11780
9/1/23,0,0,18,6430
9/2/23,0,0,18,0
9/3/23,0,0,18,0
9/4/23,0,1,18,0
9/5/23,0,0,18,7885
9/6/23,0,0,18,15690
9/7/23,0,0,18,9905
9/8/23,0,0,18,5160
9/9/23,0,0,18,0
9/10/23,0,0,18,0
9/11/23,0,0,18,11120
9/12/23,0,0,18,9290
9/13/23,0,0,18,6595
9/14/23,0,0,18,8240
9/15/23,0,0,18,2985
9/16/23,0,0,18,0
9/17/23,0,0,18,0
9/18/23,0,0,18,7730
9/19/23,0,0,18,8310
9/20/23,0,0,18,7500
9/21/23,0,0,18,8150
9/22/23,0,0,18,5205
9/23/23,0,0,18,0
9/24/23,0,0,18,0
9/25/23,0,0,18,7600
9/26/23,0,0,18,4375
9/27/23,0,0,18,6620
9/28/23,0,0,18,9110
9/29/23,0,0,18,2825
9/30/23,0,0,18,0
10/1/23,0,0,18,0
10/2/23,0,0,18,7260
10/3/23,0,0,18,7305
10/4/23,0,0,18,5585
10/5/23,0,0,18,1075
10/6/23,0,0,18,0
10/7/23,0,0,18,0
10/8/23,0,0,18,0
10/9/23,0,0,18,4155
10/10/23,0,0,18,5465
10/11/23,0,0,18,8920
10/12/23,0,0,18,7545
10/13/23,0,0,18,4895
10/14/23,0,0,18,0
10/15/23,0,0,18,0
10/16/23,0,0,18,3190
10/17/23,0,0,18,6650
10/18/23,0,0,18,3830
10/19/23,0,0,18,8535
10/20/23,0,0,18,5455
10/21/23,0,0,18,0
10/22/23,0,0,18,0
10/23/23,0,0,18,4775
10/24/23,0,0,18,8025
10/25/23,0,0,18,7390
10/26/23,0,0,18,5745
10/27/23,0,0,18,4100
10/28/23,0,0,18,0
10/29/23,0,0,18,0
10/30/23,0,0,18,4100
10/31/23,0,0,18,7140
11/1/23,0,0,18,7565
11/2/23,0,0,18,7465
11/3/23,0,0,18,5535
11/4/23,0,0,18,0
11/5/23,0,0,18,0
11/6/23,0,0,18,5115
11/7/23,0,0,18,6865
11/8/23,0,0,18,5125
11/9/23,0,0,18,6620
11/10/23,0,0,18,2950
11/11/23,0,0,18,150
11/12/23,0,0,18,0
11/13/23,0,0,18,5445
11/14/23,0,0,18,7410
11/15/23,0,0,18,8625
11/16/23,0,0,18,6255
11/17/23,0,0,18,4755
11/18/23,0,0,18,0
11/19/23,0,0,18,0
11/20/23,0,0,18,4465
11/21/23,0,0,18,4305
11/22/23,0,1,18,1100
11/23/23,0,1,18,0
11/24/23,0,1,18,0
11/25/23,0,0,18,0
11/26/23,0,0,18,0
11/27/23,0,0,18,5400
11/28/23,0,0,18,4285
11/29/23,0,0,18,3410
11/30/23,0,0,18,6415
12/1/23,0,0,18,5895
12/2/23,0,0,18,0
12/3/23,0,0,18,0
12/4/23,0,0,18,4295
12/5/23,0,0,18,3730
12/6/23,0,1,18,3920
12/7/23,1,0,18,7520
12/8/23,1,0,18,3040
12/9/23,1,0,18,100
12/10/23,1,0,18,0
12/11/23,1,0,18,4340
12/12/23,1,0,18,5200
12/13/23,1,0,18,1410
12/14/23,0,0,0,0
12/15/23,0,0,1,240
12/16/23,0,0,1,0
12/17/23,0,0,1,0
12/18/23,0,0,1,0
12/19/23,0,0,1,0
12/20/23,0,0,1,0
12/21/23,0,0,1,0
12/22/23,0,0,1,0
12/23/23,0,0,1,0
12/24/23,0,0,1,0
12/25/23,0,0,1,0
12/26/23,0,0,1,0
12/27/23,0,0,1,0
12/28/23,0,0,1,0
12/29/23,0,0,1,0
12/30/23,0,0,1,0
12/31/23,0,0,1,0
1/1/24,0,0,1,0
1/2/24,0,0,1,1230
1/3/24,0,0,1,1715
1/4/24,0,0,1,1630
1/5/24,0,0,1,2015
1/6/24,0,0,1,0
1/7/24,0,0,1,0
1/8/24,0,0,1,1590
1/9/24,0,0,1,2525
1/10/24,0,0,1,2580
1/11/24,0,0,1,2125
1/12/24,0,0,1,355
1/13/24,0,0,1,0
1/14/24,0,0,1,0
1/15/24,0,1,1,0
1/16/24,0,0,19,1475
1/17/24,0,0,19,1825
1/18/24,0,0,19,3455
1/19/24,0,0,19,850
1/20/24,0,0,19,0
1/21/24,0,0,19,0
1/22/24,0,0,19,3120
1/23/24,0,0,19,3145
1/24/24,0,0,19,3195
1/25/24,0,0,19,3195
1/26/24,0,0,19,2340
1/27/24,0,0,19,0
1/28/24,0,0,19,0
1/29/24,0,0,19,8955
1/30/24,0,0,19,6475
1/31/24,0,0,19,11945
2/1/24,0,0,19,9310
2/2/24,0,0,19,4675
2/3/24,0,0,19,0
2/4/24,0,0,19,0
2/5/24,0,0,19,14150
2/6/24,0,0,19,9710
2/7/24,0,0,19,7750
2/8/24,0,0,19,12090
2/9/24,0,0,19,3900
2/10/24,0,0,19,0
2/11/24,0,0,19,0
2/12/24,0,0,19,7680
2/13/24,0,0,19,8120
2/14/24,0,0,19,7230
2/15/24,0,0,19,4550
2/16/24,0,0,19,5495
2/17/24,0,0,19,0
2/18/24,0,0,19,0
2/19/24,0,0,19,7445
2/20/24,0,0,19,8945
2/21/24,0,0,19,7860
2/22/24,0,0,19,9330
2/23/24,0,0,19,5395
2/24/24,0,0,19,0
2/25/24,0,0,19,0
2/26/24,0,0,19,11245
2/27/24,0,0,19,6050
2/28/24,0,0,19,6870
2/29/24,0,0,19,8290
3/1/24,0,0,19,4855
,,,,
,,,,
,,,,
,,,,
,,,,
,,,,
,,,,
,,,,
,,,,
,,,,
,,,,
,,,,
,,,,
,,,,
,,,,
,,,,
,,,,
,,,,
,,,,
,,,,
,,,,
,,,,
,,,,
,,,,
,,,,
,,,,
,,,,
,,,,
,,,,
,,,,
,,,,
,,,,
,,,,
,,,,
,,,,
,,,,
,,,,
,,,,
,,,,
,,,,
,,,,
,,,,
,,,,
,,,,
,,,,
,,,,
,,,,
,,,,
,,,,
,,,,
,,,,
,,,,
,,,,
,,,,
,,,,
,,,,
,,,,
,,,,
,,,,
,,,,