time,revenue
8/1/2018,6440
8/2/2018,5680
8/3/2018,5565
8/4/2018,1635
8/5/2018,1455
8/6/2018,9385
8/7/2018,4260
8/8/2018,5885
8/9/2018,5735
8/10/2018,11660
8/11/2018,905
8/12/2018,1595
8/13/2018,9000
8/14/2018,8330
8/15/2018,9535
8/16/2018,7350
8/17/2018,11375
8/18/2018,3475
8/19/2018,4960
8/20/2018,18400
8/21/2018,15635
8/22/2018,42455
8/23/2018,35245
8/24/2018,21425
8/25/2018,1870
8/26/2018,3250
8/27/2018,8420
8/28/2018,6085
8/29/2018,4745
8/30/2018,4585
8/31/2018,10380
9/1/2018,80
9/2/2018,405
9/3/2018,565
9/4/2018,10065
9/5/2018,11380
9/6/2018,27855
9/7/2018,7640
9/8/2018,285
9/9/2018,1125
9/10/2018,8405
9/11/2018,7345
9/12/2018,9150
9/13/2018,15915
9/14/2018,3960
9/15/2018,130
9/16/2018,1440
9/17/2018,25930
9/18/2018,32895
9/19/2018,24385
9/20/2018,31350
9/21/2018,22900
9/22/2018,7370
9/23/2018,3545
9/24/2018,21845
9/25/2018,27495
9/26/2018,21375
9/27/2018,1360
9/28/2018,2035
9/29/2018,110
9/30/2018,425
10/1/2018,7450
10/2/2018,7000
10/3/2018,29730
10/4/2018,7380
10/5/2018,7320
10/6/2018,3895
10/7/2018,2085
10/8/2018,11970
10/9/2018,7655
10/10/2018,8485
10/11/2018,9270
10/12/2018,5895
10/13/2018,3190
10/14/2018,3250
10/15/2018,3030
10/16/2018,7855
10/17/2018,2525
10/18/2018,2665
10/19/2018,6005
10/20/2018,55
10/21/2018,11245
10/22/2018,2575
10/23/2018,8350
10/24/2018,2530
10/25/2018,11660
10/26/2018,7045
10/27/2018,660
10/28/2018,1265
10/29/2018,2575
10/30/2018,7950
10/31/2018,5715
11/1/2018,3020
11/2/2018,1980
11/3/2018,1745
11/4/2018,2690
11/5/2018,935
11/6/2018,2875
11/7/2018,3005
11/8/2018,1845
11/9/2018,4235
11/10/2018,800
11/11/2018,0
11/12/2018,7030
11/13/2018,5075
11/14/2018,3180
11/15/2018,2480
11/16/2018,5830
11/17/2018,550
11/18/2018,1405
11/19/2018,4170
11/20/2018,6585
11/21/2018,1380
11/22/2018,0
11/23/2018,2505
11/24/2018,810
11/25/2018,2380
11/26/2018,6425
11/27/2018,2485
11/28/2018,3130
11/29/2018,3140
11/30/2018,5570
12/1/2018,480
12/2/2018,3765
12/3/2018,3270
12/4/2018,7340
12/5/2018,5420
12/6/2018,4055
12/7/2018,2515
12/8/2018,1085
12/9/2018,405
12/10/2018,6450
12/11/2018,3695
12/12/2018,3560
12/13/2018,895
12/14/2018,665
12/15/2018,955
12/16/2018,1415
12/17/2018,3720
12/18/2018,2580
12/19/2018,5135
12/20/2018,1590
12/21/2018,4375
12/22/2018,0
12/23/2018,3800
12/24/2018,1685
12/25/2018,0
12/26/2018,575
12/27/2018,0
12/28/2018,0
12/29/2018,0
12/30/2018,0
12/31/2018,0
1/1/2019,0
1/2/2019,3520
1/3/2019,2370
1/4/2019,3815
1/5/2019,935
1/6/2019,2005
1/7/2019,1605
1/8/2019,2135
1/9/2019,3280
1/10/2019,3290
1/11/2019,5120
1/12/2019,0
1/13/2019,1430
1/14/2019,1185
1/15/2019,4275
1/16/2019,2175
1/17/2019,5825
1/18/2019,4955
1/19/2019,110
1/20/2019,430
1/21/2019,780
1/22/2019,3055
1/23/2019,7980
1/24/2019,7510
1/25/2019,10080
1/26/2019,55
1/27/2019,2585
1/28/2019,14690
1/29/2019,12695
1/30/2019,10965
1/31/2019,8380
2/1/2019,9125
2/2/2019,2870
2/3/2019,2915
2/4/2019,16945
2/5/2019,11660
2/6/2019,11050
2/7/2019,30565
2/8/2019,13185
2/9/2019,925
2/10/2019,2655
2/11/2019,27700
2/12/2019,14515
2/13/2019,9750
2/14/2019,21835
2/15/2019,31620
2/16/2019,890
2/17/2019,7205
2/18/2019,21240
2/19/2019,20905
2/20/2019,16675
2/21/2019,12460
2/22/2019,20115
2/23/2019,11025
2/24/2019,4705
2/25/2019,12560
2/26/2019,23330
2/27/2019,20560
2/28/2019,10620
3/1/2019,11510
3/2/2019,3575
3/3/2019,4435
3/4/2019,10055
3/5/2019,7295
3/6/2019,6875
3/7/2019,8560
3/8/2019,32220
3/9/2019,1755
3/10/2019,1585
3/11/2019,8885
3/12/2019,6100
3/13/2019,6610
3/14/2019,8800
3/15/2019,5405
3/16/2019,3320
3/17/2019,5000
3/18/2019,12505
3/19/2019,10020
3/20/2019,11200
3/21/2019,13470
3/22/2019,12610
3/23/2019,1255
3/24/2019,6510
3/25/2019,18145
3/26/2019,12950
3/27/2019,12535
3/28/2019,10615
3/29/2019,14455
3/30/2019,4545
3/31/2019,4470
4/1/2019,12120
4/2/2019,9655
4/3/2019,8110
4/4/2019,10500
4/5/2019,11245
4/6/2019,1970
4/7/2019,3175
4/8/2019,13695
4/9/2019,14905
4/10/2019,9855
4/11/2019,7935
4/12/2019,16375
4/13/2019,1480
4/14/2019,9925
4/15/2019,16920
4/16/2019,9615
4/17/2019,11600
4/18/2019,15465
4/19/2019,22515
4/20/2019,395
4/21/2019,3855
4/22/2019,18335
4/23/2019,9140
4/24/2019,11860
4/25/2019,9525
4/26/2019,18325
4/27/2019,3350
4/28/2019,3020
4/29/2019,12965
4/30/2019,9165
5/1/2019,9385
5/2/2019,8365
5/3/2019,10405
5/4/2019,1625
5/5/2019,4415
5/6/2019,3770
5/7/2019,4075
5/8/2019,7050
5/9/2019,1215
5/10/2019,825
5/11/2019,0
5/12/2019,375
5/13/2019,5140
5/14/2019,10290
5/15/2019,6630
5/16/2019,5295
5/17/2019,8075
5/18/2019,0
5/19/2019,1585
5/20/2019,3480
5/21/2019,8150
5/22/2019,1825
5/23/2019,1660
5/24/2019,2170
5/25/2019,0
5/26/2019,2290
5/27/2019,440
5/28/2019,660
5/29/2019,2760
5/30/2019,1580
5/31/2019,720
6/1/2019,130
6/2/2019,550
6/3/2019,2115
6/4/2019,3760
6/5/2019,2770
6/6/2019,2910
6/7/2019,3560
6/8/2019,1000
6/9/2019,1365
6/10/2019,2780
6/11/2019,8830
6/12/2019,2075
6/13/2019,1535
6/14/2019,2515
6/15/2019,1525
6/16/2019,975
6/17/2019,5250
6/18/2019,3715
6/19/2019,5160
6/20/2019,2570
6/21/2019,4075
6/22/2019,1505
6/23/2019,935
6/24/2019,5565
6/25/2019,6635
6/26/2019,2090
6/27/2019,2425
6/28/2019,6370
6/29/2019,555
6/30/2019,410
7/1/2019,4905
7/2/2019,4095
7/3/2019,3205
7/4/2019,55
7/5/2019,1250
7/6/2019,630
7/7/2019,270
7/8/2019,1175
7/9/2019,1635
7/10/2019,2360
7/11/2019,4070
7/12/2019,1905
7/13/2019,245
7/14/2019,245
7/15/2019,2640
7/16/2019,2325
7/17/2019,3090
7/18/2019,2515
7/19/2019,5725
7/20/2019,2735
7/21/2019,760
7/22/2019,2670
7/23/2019,4615
7/24/2019,3800
7/25/2019,4295
7/26/2019,4210
7/27/2019,370
7/28/2019,370
7/29/2019,3255
7/30/2019,4795
7/31/2019,1910
8/1/2019,3070
8/2/2019,2260
8/3/2019,410
8/4/2019,165
8/5/2019,4280
8/6/2019,4230
8/7/2019,2510
8/8/2019,7610
8/9/2019,1810
8/10/2019,925
8/11/2019,1085
8/12/2019,3825
8/13/2019,1820
8/14/2019,1565
8/15/2019,1430
8/16/2019,1205
8/17/2019,165
8/18/2019,365
8/19/2019,1695
8/20/2019,1590
8/21/2019,3900
8/22/2019,6380
8/23/2019,11370
8/24/2019,405
8/25/2019,3105
8/26/2019,11485
8/27/2019,14235
8/28/2019,9775
8/29/2019,10795
8/30/2019,10810
8/31/2019,2160
9/1/2019,1995
9/2/2019,3010
9/3/2019,11920
9/4/2019,12865
9/5/2019,6445
9/6/2019,7430
9/7/2019,4125
9/8/2019,3860
9/9/2019,9830
9/10/2019,7805
9/11/2019,10885
9/12/2019,10965
9/13/2019,9770
9/14/2019,4335
9/15/2019,2335
9/16/2019,6910
9/17/2019,5650
9/18/2019,6800
9/19/2019,4630
9/20/2019,9885
9/21/2019,220
9/22/2019,865
9/23/2019,3080
9/24/2019,3300
9/25/2019,3240
9/26/2019,2245
9/27/2019,1610
9/28/2019,130
9/29/2019,1000
9/30/2019,7240
10/1/2019,8360
10/2/2019,8950
10/3/2019,6915
10/4/2019,5835
10/5/2019,165
10/6/2019,205
10/7/2019,5430
10/8/2019,6075
10/9/2019,7160
10/10/2019,8910
10/11/2019,7765
10/12/2019,165
10/13/2019,3060
10/14/2019,7880
10/15/2019,8245
10/16/2019,4650
10/17/2019,5020
10/18/2019,4035
10/19/2019,0
10/20/2019,0
10/21/2019,4470
10/22/2019,4770
10/23/2019,7410
10/24/2019,3400
10/25/2019,9730
10/26/2019,1325
10/27/2019,1355
10/28/2019,6890
10/29/2019,5995
10/30/2019,6210
10/31/2019,6560
11/1/2019,5585
11/2/2019,2090
11/3/2019,1350
11/4/2019,5975
11/5/2019,4445
11/6/2019,6270
11/7/2019,4075
11/8/2019,4895
11/9/2019,9570
11/10/2019,2430
11/11/2019,6315
11/12/2019,9850
11/13/2019,12040
11/14/2019,11180
11/15/2019,4235
11/16/2019,3665
11/17/2019,2050
11/18/2019,11785
11/19/2019,7860
11/20/2019,14845
11/21/2019,21635
11/22/2019,8410
11/23/2019,450
11/24/2019,2890
11/25/2019,14835
11/26/2019,6995
11/27/2019,965
11/28/2019,0
11/29/2019,4835
11/30/2019,3405
12/1/2019,760
12/2/2019,2255
12/3/2019,2055
12/4/2019,5300
12/5/2019,1190
12/6/2019,2600
12/7/2019,130
12/8/2019,900
12/9/2019,2125
12/10/2019,4125
12/11/2019,4060
12/12/2019,2730
12/13/2019,1255
12/14/2019,0
12/15/2019,600
12/16/2019,1270
12/17/2019,2730
12/18/2019,2280
12/19/2019,3195
12/20/2019,3940
12/21/2019,0
12/22/2019,150
12/23/2019,605
12/24/2019,110
12/25/2019,0
12/26/2019,0
12/27/2019,0
12/28/2019,0
12/29/2019,330
12/30/2019,0
12/31/2019,0
1/1/2020,0
1/2/2020,1160
1/3/2020,910
1/4/2020,0
1/5/2020,55
1/6/2020,3050
1/7/2020,2445
1/8/2020,3885
1/9/2020,1130
1/10/2020,1870
1/11/2020,0
1/12/2020,320
1/13/2020,3365
1/14/2020,3025
1/15/2020,2600
1/16/2020,2495
1/17/2020,990
1/18/2020,300
1/19/2020,550
1/20/2020,645
1/21/2020,12015
1/22/2020,17970
1/23/2020,11850
1/24/2020,7195
1/25/2020,35495
1/26/2020,1950
1/27/2020,14700
1/28/2020,16555
1/29/2020,5660
1/30/2020,6055
1/31/2020,8240
2/1/2020,9435
2/2/2020,3730
2/3/2020,9200
2/4/2020,11480
2/5/2020,7765
2/6/2020,7375
2/7/2020,8350
2/8/2020,465
2/9/2020,13455
2/10/2020,7175
2/11/2020,9130
2/12/2020,7345
2/13/2020,7545
2/14/2020,7900
2/15/2020,6070
2/16/2020,2725
2/17/2020,8615
2/18/2020,11365
2/19/2020,9815
2/20/2020,8705
2/21/2020,9535
2/22/2020,3005
2/23/2020,2310
2/24/2020,8350
2/25/2020,6605
2/26/2020,7715
2/27/2020,7685
2/28/2020,13725
2/29/2020,10615
3/1/2020,1940
3/2/2020,12285
3/3/2020,17410
3/4/2020,7950
3/5/2020,18040
3/6/2020,23625
3/7/2020,4665
3/8/2020,1840
3/9/2020,0
3/10/2020,0
3/11/2020,0
3/12/2020,0
3/13/2020,0
3/14/2020,0
3/15/2020,0
3/16/2020,0
3/17/2020,0
3/18/2020,0
3/19/2020,0
3/20/2020,0
3/21/2020,0
3/22/2020,0
3/23/2020,0
3/24/2020,0
3/25/2020,0
3/26/2020,0
3/27/2020,0
3/28/2020,0
3/29/2020,0
3/30/2020,0
3/31/2020,0
4/1/2020,0
4/2/2020,0
4/3/2020,0
4/4/2020,0
4/5/2020,0
4/6/2020,0
4/7/2020,0
4/8/2020,0
4/9/2020,0
4/10/2020,0
4/11/2020,0
4/12/2020,0
4/13/2020,0
4/14/2020,0
4/15/2020,0
4/16/2020,0
4/17/2020,0
4/18/2020,0
4/19/2020,0
4/20/2020,0
4/21/2020,0
4/22/2020,0
4/23/2020,0
4/24/2020,0
4/25/2020,0
4/26/2020,0
4/27/2020,0
4/28/2020,0
4/29/2020,0
4/30/2020,0
5/1/2020,0
5/2/2020,0
5/3/2020,0
5/4/2020,0
5/5/2020,0
5/6/2020,0
5/7/2020,0
5/8/2020,0
5/9/2020,0
5/10/2020,0
5/11/2020,0
5/12/2020,0
5/13/2020,0
5/14/2020,0
5/15/2020,0
5/16/2020,0
5/17/2020,0
5/18/2020,0
5/19/2020,0
5/20/2020,0
5/21/2020,0
5/22/2020,0
5/23/2020,0
5/24/2020,0
5/25/2020,0
5/26/2020,0
5/27/2020,0
5/28/2020,0
5/29/2020,0
5/30/2020,0
5/31/2020,0
6/1/2020,0
6/2/2020,0
6/3/2020,0
6/4/2020,0
6/5/2020,0
6/6/2020,0
6/7/2020,0
6/8/2020,0
6/9/2020,0
6/10/2020,0
6/11/2020,0
6/12/2020,0
6/13/2020,0
6/14/2020,0
6/15/2020,0
6/16/2020,0
6/17/2020,0
6/18/2020,0
6/19/2020,0
6/20/2020,0
6/21/2020,0
6/22/2020,0
6/23/2020,0
6/24/2020,0
6/25/2020,0
6/26/2020,0
6/27/2020,0
6/28/2020,0
6/29/2020,0
6/30/2020,0
7/1/2020,0
7/2/2020,0
7/3/2020,0
7/4/2020,0
7/5/2020,0
7/6/2020,0
7/7/2020,0
7/8/2020,0
7/9/2020,0
7/10/2020,0
7/11/2020,0
7/12/2020,0
7/13/2020,0
7/14/2020,0
7/15/2020,0
7/16/2020,0
7/17/2020,0
7/18/2020,0
7/19/2020,0
7/20/2020,0
7/21/2020,0
7/22/2020,0
7/23/2020,0
7/24/2020,0
7/25/2020,0
7/26/2020,0
7/27/2020,0
7/28/2020,0
7/29/2020,0
7/30/2020,0
7/31/2020,0
8/1/2020,0
8/2/2020,0
8/3/2020,0
8/4/2020,0
8/5/2020,0
8/6/2020,0
8/7/2020,0
8/8/2020,0
8/9/2020,0
8/10/2020,0
8/11/2020,0
8/12/2020,0
8/13/2020,0
8/14/2020,0
8/15/2020,0
8/16/2020,0
8/17/2020,0
8/18/2020,0
8/19/2020,0
8/20/2020,0
8/21/2020,0
8/22/2020,0
8/23/2020,0
8/24/2020,0
8/25/2020,0
8/26/2020,0
8/27/2020,0
8/28/2020,0
8/29/2020,0
8/30/2020,0
8/31/2020,0
9/1/2020,0
9/2/2020,0
9/3/2020,0
9/4/2020,0
9/5/2020,0
9/6/2020,0
9/7/2020,0
9/8/2020,0
9/9/2020,0
9/10/2020,0
9/11/2020,0
9/12/2020,0
9/13/2020,0
9/14/2020,0
9/15/2020,0
9/16/2020,0
9/17/2020,0
9/18/2020,0
9/19/2020,0
9/20/2020,0
9/21/2020,0
9/22/2020,0
9/23/2020,0
9/24/2020,0
9/25/2020,0
9/26/2020,0
9/27/2020,0
9/28/2020,0
9/29/2020,0
9/30/2020,0
10/1/2020,0
10/2/2020,0
10/3/2020,0
10/4/2020,0
10/5/2020,0
10/6/2020,0
10/7/2020,0
10/8/2020,0
10/9/2020,0
10/10/2020,0
10/11/2020,0
10/12/2020,0
10/13/2020,0
10/14/2020,0
10/15/2020,0
10/16/2020,0
10/17/2020,0
10/18/2020,0
10/19/2020,0
10/20/2020,0
10/21/2020,0
10/22/2020,0
10/23/2020,0
10/24/2020,0
10/25/2020,0
10/26/2020,0
10/27/2020,0
10/28/2020,0
10/29/2020,0
10/30/2020,0
10/31/2020,0
11/1/2020,0
11/2/2020,0
11/3/2020,0
11/4/2020,0
11/5/2020,0
11/6/2020,0
11/7/2020,0
11/8/2020,0
11/9/2020,0
11/10/2020,0
11/11/2020,0
11/12/2020,0
11/13/2020,0
11/14/2020,0
11/15/2020,0
11/16/2020,0
11/17/2020,0
11/18/2020,0
11/19/2020,0
11/20/2020,0
11/21/2020,0
11/22/2020,0
11/23/2020,0
11/24/2020,0
11/25/2020,0
11/26/2020,0
11/27/2020,0
11/28/2020,0
11/29/2020,0
11/30/2020,0
12/1/2020,0
12/2/2020,0
12/3/2020,0
12/4/2020,0
12/5/2020,0
12/6/2020,0
12/7/2020,0
12/8/2020,0
12/9/2020,0
12/10/2020,0
12/11/2020,0
12/12/2020,0
12/13/2020,0
12/14/2020,0
12/15/2020,0
12/16/2020,0
12/17/2020,0
12/18/2020,0
12/19/2020,0
12/20/2020,0
12/21/2020,0
12/22/2020,0
12/23/2020,0
12/24/2020,0
12/25/2020,0
12/26/2020,0
12/27/2020,0
12/28/2020,0
12/29/2020,0
12/30/2020,0
12/31/2020,0
1/1/2021,0
1/2/2021,0
1/3/2021,0
1/4/2021,0
1/5/2021,0
1/6/2021,0
1/7/2021,0
1/8/2021,0
1/9/2021,0
1/10/2021,0
1/11/2021,0
1/12/2021,0
1/13/2021,0
1/14/2021,0
1/15/2021,0
1/16/2021,0
1/17/2021,0
1/18/2021,0
1/19/2021,0
1/20/2021,0
1/21/2021,0
1/22/2021,0
1/23/2021,0
1/24/2021,0
1/25/2021,0
1/26/2021,0
1/27/2021,0
1/28/2021,0
1/29/2021,0
1/30/2021,0
1/31/2021,0
2/1/2021,0
2/2/2021,0
2/3/2021,0
2/4/2021,0
2/5/2021,0
2/6/2021,0
2/7/2021,0
2/8/2021,0
2/9/2021,0
2/10/2021,0
2/11/2021,0
2/12/2021,0
2/13/2021,0
2/14/2021,0
2/15/2021,0
2/16/2021,0
2/17/2021,0
2/18/2021,0
2/19/2021,0
2/20/2021,0
2/21/2021,0
2/22/2021,0
2/23/2021,0
2/24/2021,0
2/25/2021,0
2/26/2021,0
2/27/2021,0
2/28/2021,0
3/1/2021,0
3/2/2021,0
3/3/2021,0
3/4/2021,0
3/5/2021,0
3/6/2021,0
3/7/2021,0
3/8/2021,0
3/9/2021,0
3/10/2021,0
3/11/2021,0
3/12/2021,0
3/13/2021,0
3/14/2021,0
3/15/2021,0
3/16/2021,0
3/17/2021,0
3/18/2021,0
3/19/2021,0
3/20/2021,0
3/21/2021,0
3/22/2021,0
3/23/2021,0
3/24/2021,0
3/25/2021,0
3/26/2021,0
3/27/2021,0
3/28/2021,0
3/29/2021,0
3/30/2021,0
3/31/2021,0
4/1/2021,0
4/2/2021,0
4/3/2021,0
4/4/2021,0
4/5/2021,0
4/6/2021,0
4/7/2021,0
4/8/2021,0
4/9/2021,0
4/10/2021,0
4/11/2021,0
4/12/2021,0
4/13/2021,0
4/14/2021,0
4/15/2021,0
4/16/2021,0
4/17/2021,0
4/18/2021,0
4/19/2021,0
4/20/2021,0
4/21/2021,0
4/22/2021,0
4/23/2021,0
4/24/2021,0
4/25/2021,0
4/26/2021,0
4/27/2021,0
4/28/2021,0
4/29/2021,0
4/30/2021,0
5/1/2021,0
5/2/2021,0
5/3/2021,0
5/4/2021,0
5/5/2021,0
5/6/2021,0
5/7/2021,0
5/8/2021,0
5/9/2021,0
5/10/2021,0
5/11/2021,0
5/12/2021,0
5/13/2021,0
5/14/2021,0
5/15/2021,0
5/16/2021,0
5/17/2021,0
5/18/2021,0
5/19/2021,0
5/20/2021,0
5/21/2021,0
5/22/2021,0
5/23/2021,0
5/24/2021,0
5/25/2021,0
5/26/2021,0
5/27/2021,0
5/28/2021,0
5/29/2021,0
5/30/2021,0
5/31/2021,0
6/1/2021,0
6/2/2021,0
6/3/2021,0
6/4/2021,0
6/5/2021,0
6/6/2021,0
6/7/2021,0
6/8/2021,0
6/9/2021,0
6/10/2021,0
6/11/2021,0
6/12/2021,0
6/13/2021,0
6/14/2021,0
6/15/2021,0
6/16/2021,0
6/17/2021,0
6/18/2021,0
6/19/2021,0
6/20/2021,0
6/21/2021,0
6/22/2021,0
6/23/2021,0
6/24/2021,0
6/25/2021,0
6/26/2021,0
6/27/2021,0
6/28/2021,0
6/29/2021,0
6/30/2021,0
7/1/2021,0
7/2/2021,0
7/3/2021,0
7/4/2021,0
7/5/2021,0
7/6/2021,0
7/7/2021,0
7/8/2021,0
7/9/2021,0
7/10/2021,0
7/11/2021,0
7/12/2021,0
7/13/2021,0
7/14/2021,0
7/15/2021,0
7/16/2021,0
7/17/2021,0
7/18/2021,0
7/19/2021,0
7/20/2021,0
7/21/2021,0
7/22/2021,0
7/23/2021,0
7/24/2021,0
7/25/2021,0
7/26/2021,0
7/27/2021,0
7/28/2021,0
7/29/2021,0
7/30/2021,0
7/31/2021,0
8/1/2021,0
8/2/2021,0
8/3/2021,0
8/4/2021,0
8/5/2021,0
8/6/2021,0
8/7/2021,0
8/8/2021,0
8/9/2021,0
8/10/2021,0
8/11/2021,0
8/12/2021,0
8/13/2021,0
8/14/2021,0
8/15/2021,0
8/16/2021,0
8/17/2021,0
8/18/2021,0
8/19/2021,0
8/20/2021,175
8/21/2021,0
8/22/2021,0
8/23/2021,640
8/24/2021,280
8/25/2021,0
8/26/2021,200
8/27/2021,675
8/28/2021,0
8/29/2021,0
8/30/2021,600
8/31/2021,1285
9/1/2021,2915
9/2/2021,3250
9/3/2021,2330
9/4/2021,0
9/5/2021,0
9/6/2021,120
9/7/2021,11680
9/8/2021,14230
9/9/2021,7940
9/10/2021,8460
9/11/2021,0
9/12/2021,0
9/13/2021,7980
9/14/2021,7530
9/15/2021,10330
9/16/2021,10285
9/17/2021,8705
9/18/2021,0
9/19/2021,40
9/20/2021,14530
9/21/2021,7245
9/22/2021,13895
9/23/2021,7675
9/24/2021,11035
9/25/2021,0
9/26/2021,0
9/27/2021,12715
9/28/2021,6200
9/29/2021,13900
9/30/2021,6115
10/1/2021,6535
10/2/2021,0
10/3/2021,0
10/4/2021,10665
10/5/2021,5390
10/6/2021,13060
10/7/2021,5035
10/8/2021,6835
10/9/2021,0
10/10/2021,0
10/11/2021,12420
10/12/2021,5680
10/13/2021,13205
10/14/2021,11115
10/15/2021,8085
10/16/2021,0
10/17/2021,40
10/18/2021,10220
10/19/2021,10775
10/20/2021,10365
10/21/2021,7670
10/22/2021,5975
10/23/2021,0
10/24/2021,0
10/25/2021,5920
10/26/2021,8490
10/27/2021,7735
10/28/2021,8060
10/29/2021,5900
10/30/2021,1080
10/31/2021,200
11/1/2021,10505
11/2/2021,7115
11/3/2021,11420
11/4/2021,10185
11/5/2021,8595
11/6/2021,880
11/7/2021,280
11/8/2021,12230
11/9/2021,9855
11/10/2021,12045
11/11/2021,10840
11/12/2021,5520
11/13/2021,0
11/14/2021,80
11/15/2021,8590
11/16/2021,8085
11/17/2021,7950
11/18/2021,8285
11/19/2021,7225
11/20/2021,40
11/21/2021,40
11/22/2021,10290
11/23/2021,6990
11/24/2021,4935
11/25/2021,0
11/26/2021,40
11/27/2021,320
11/28/2021,120
11/29/2021,11640
11/30/2021,8035
12/1/2021,9745
12/2/2021,9300
12/3/2021,8190
12/4/2021,880
12/5/2021,480
12/6/2021,8505
12/7/2021,8680
12/8/2021,5105
12/9/2021,6510
12/10/2021,4715
12/11/2021,1560
12/12/2021,120
12/13/2021,6370
12/14/2021,3970
12/15/2021,2085
12/16/2021,0
12/17/2021,0
12/18/2021,200
12/19/2021,0
12/20/2021,810
12/21/2021,280
12/22/2021,360
12/23/2021,40
12/24/2021,0
12/25/2021,0
12/26/2021,0
12/27/2021,0
12/28/2021,0
12/29/2021,0
12/30/2021,0
12/31/2021,0
1/1/2022,0
1/2/2022,0
1/3/2022,610
1/4/2022,440
1/5/2022,1480
1/6/2022,160
1/7/2022,1085
1/8/2022,0
1/9/2022,0
1/10/2022,355
1/11/2022,80
1/12/2022,80
1/13/2022,55
1/14/2022,0
1/15/2022,0
1/16/2022,0
1/17/2022,0
1/18/2022,160
1/19/2022,900
1/20/2022,855
1/21/2022,590
1/22/2022,40
1/23/2022,0
1/24/2022,315
1/25/2022,275
1/26/2022,120
1/27/2022,0
1/28/2022,630
1/29/2022,0
1/30/2022,0
1/31/2022,0
2/1/2022,150
2/2/2022,0
2/3/2022,0
2/4/2022,0
2/5/2022,0
2/6/2022,0
2/7/2022,1310
2/8/2022,2640
2/9/2022,2500
2/10/2022,400
2/11/2022,1290
2/12/2022,0
2/13/2022,0
2/14/2022,10010
2/15/2022,8565
2/16/2022,6400
2/17/2022,7605
2/18/2022,5625
2/19/2022,0
2/20/2022,0
2/21/2022,11385
2/22/2022,8005
2/23/2022,735
2/24/2022,0
2/25/2022,2590
2/26/2022,0
2/27/2022,0
2/28/2022,6670
3/1/2022,10190
3/2/2022,6485
3/3/2022,9890
3/4/2022,6925
3/5/2022,0
3/6/2022,0
3/7/2022,6895
3/8/2022,8225
3/9/2022,5660
3/10/2022,5650
3/11/2022,4745
3/12/2022,0
3/13/2022,0
3/14/2022,1495
3/15/2022,3585
3/16/2022,155
3/17/2022,0
3/18/2022,270
3/19/2022,0
3/20/2022,0
3/21/2022,6630
3/22/2022,6865
3/23/2022,6265
3/24/2022,10440
3/25/2022,1825
3/26/2022,0
3/27/2022,0
3/28/2022,5565
3/29/2022,7085
3/30/2022,5475
3/31/2022,7600
4/1/2022,4305
4/2/2022,0
4/3/2022,0
4/4/2022,6500
4/5/2022,8680
4/6/2022,5820
4/7/2022,7375
4/8/2022,3280
4/9/2022,0
4/10/2022,0
4/11/2022,5890
4/12/2022,9015
4/13/2022,3815
4/14/2022,8865
4/15/2022,4950
4/16/2022,0
4/17/2022,0
4/18/2022,5080
4/19/2022,9015
4/20/2022,4030
4/21/2022,4570
4/22/2022,3240
4/23/2022,0
4/24/2022,0
4/25/2022,4850
4/26/2022,2630
4/27/2022,4535
4/28/2022,5690
4/29/2022,810
4/30/2022,0
5/1/2022,0
5/2/2022,2045
5/3/2022,6740
5/4/2022,3590
5/5/2022,7700
5/6/2022,5085
5/7/2022,0
5/8/2022,0
5/9/2022,1460
5/10/2022,705
5/11/2022,0
5/12/2022,0
5/13/2022,0
5/14/2022,0
5/15/2022,0
5/16/2022,40
5/17/2022,4910
5/18/2022,6660
5/19/2022,4460
5/20/2022,1645
5/21/2022,0
5/22/2022,0
5/23/2022,560
5/24/2022,1365
5/25/2022,525
5/26/2022,135
5/27/2022,440
5/28/2022,0
5/29/2022,0
5/30/2022,0
5/31/2022,2180
6/1/2022,1665
6/2/2022,945
6/3/2022,475
6/4/2022,0
6/5/2022,0
6/6/2022,5835
6/7/2022,9550
6/8/2022,7280
6/9/2022,3100
6/10/2022,770
6/11/2022,0
6/12/2022,0
6/13/2022,5500
6/14/2022,6875
6/15/2022,945
6/16/2022,3210
6/17/2022,0
6/18/2022,0
6/19/2022,0
6/20/2022,4565
6/21/2022,5250
6/22/2022,5510
6/23/2022,2315
6/24/2022,2290
6/25/2022,0
6/26/2022,0
6/27/2022,7220
6/28/2022,5345
6/29/2022,5390
6/30/2022,3195
7/1/2022,2595
7/2/2022,0
7/3/2022,0
7/4/2022,0
7/5/2022,2435
7/6/2022,3480
7/7/2022,3520
7/8/2022,3455
7/9/2022,0
7/10/2022,0
7/11/2022,3265
7/12/2022,5755
7/13/2022,3715
7/14/2022,5465
7/15/2022,1850
7/16/2022,0
7/17/2022,0
7/18/2022,5780
7/19/2022,7280
7/20/2022,3450
7/21/2022,4755
7/22/2022,3385
7/23/2022,0
7/24/2022,0
7/25/2022,4355
7/26/2022,7195
7/27/2022,6200
7/28/2022,3735
7/29/2022,2505
7/30/2022,0
7/31/2022,0
8/1/2022,5450
8/2/2022,7230
8/3/2022,5615
8/4/2022,4690
8/5/2022,3765
8/6/2022,0
8/7/2022,0
8/8/2022,4935
8/9/2022,3070
8/10/2022,4620
8/11/2022,3080
8/12/2022,1365
8/13/2022,0
8/14/2022,0
8/15/2022,5165
8/16/2022,2085
8/17/2022,4535
8/18/2022,2665
8/19/2022,0
8/20/2022,0
8/21/2022,0
8/22/2022,810
8/23/2022,685
8/24/2022,2400
8/25/2022,4180
8/26/2022,5285
8/27/2022,0
8/28/2022,0
8/29/2022,6805
8/30/2022,8860
8/31/2022,9425
9/1/2022,7510
9/2/2022,5535
9/3/2022,0
9/4/2022,0
9/5/2022,0
9/6/2022,13445
9/7/2022,10650
9/8/2022,11610
9/9/2022,11710
9/10/2022,0
9/11/2022,0
9/12/2022,14065
9/13/2022,10375
9/14/2022,7630
9/15/2022,13350
9/16/2022,9050
9/17/2022,0
9/18/2022,0
9/19/2022,12125
9/20/2022,13585
9/21/2022,12460
9/22/2022,12540
9/23/2022,11445
9/24/2022,0
9/25/2022,0
9/26/2022,13805
9/27/2022,12565
9/28/2022,8230
9/29/2022,8455
9/30/2022,55
10/1/2022,0
10/2/2022,0
10/3/2022,11730
10/4/2022,10275
10/5/2022,7880
10/6/2022,5915
10/7/2022,6390
10/8/2022,0
10/9/2022,0
10/10/2022,10435
10/11/2022,12030
10/12/2022,7975
10/13/2022,5655
10/14/2022,6710
10/15/2022,0
10/16/2022,0
10/17/2022,8415
10/18/2022,9895
10/19/2022,6670
10/20/2022,10425
10/21/2022,7065
10/22/2022,0
10/23/2022,0
10/24/2022,5525
10/25/2022,11780
10/26/2022,7415
10/27/2022,9105
10/28/2022,5120
10/29/2022,0
10/30/2022,0
10/31/2022,5680
11/1/2022,5470
11/2/2022,8185
11/3/2022,7775
11/4/2022,3635
11/5/2022,0
11/6/2022,0
11/7/2022,6530
11/8/2022,6870
11/9/2022,4545
11/10/2022,9390
11/11/2022,4300
11/12/2022,0
11/13/2022,0
11/14/2022,5460
11/15/2022,7385
11/16/2022,7880
11/17/2022,8205
11/18/2022,6490
11/19/2022,0
11/20/2022,0
11/21/2022,6140
11/22/2022,6355
11/23/2022,745
11/24/2022,0
11/25/2022,0
11/26/2022,0
11/27/2022,0
11/28/2022,6065
11/29/2022,10080
11/30/2022,7565
12/1/2022,9385
12/2/2022,8700
12/3/2022,0
12/4/2022,0
12/5/2022,4940
12/6/2022,10190
12/7/2022,8860
12/8/2022,3315
12/9/2022,6730
12/10/2022,1010
12/11/2022,0
12/12/2022,7245
12/13/2022,5675
12/14/2022,1765
12/15/2022,130
12/16/2022,3685
12/17/2022,0
12/18/2022,0
12/19/2022,2480
12/20/2022,2730
12/21/2022,575
12/22/2022,0
12/23/2022,0
12/24/2022,0
12/25/2022,0
12/26/2022,0
12/27/2022,0
12/28/2022,0
12/29/2022,0
12/30/2022,0
12/31/2022,0
1/1/2023,0
1/2/2023,115
1/3/2023,220
1/4/2023,165
1/5/2023,120
1/6/2023,200
1/7/2023,0
1/8/2023,0
1/9/2023,0
1/10/2023,0
1/11/2023,75
1/12/2023,0
1/13/2023,0
1/14/2023,0
1/15/2023,0
1/16/2023,0
1/17/2023,715
1/18/2023,1475
1/19/2023,2475
1/20/2023,3555
1/21/2023,0
1/22/2023,0
1/23/2023,5320
1/24/2023,3825
1/25/2023,4195
1/26/2023,5870
1/27/2023,4420
1/28/2023,0
1/29/2023,0
1/30/2023,2290
1/31/2023,0
2/1/2023,0
2/2/2023,0
2/3/2023,0
2/4/2023,0
2/5/2023,0
2/6/2023,7110
2/7/2023,9115
2/8/2023,9710
2/9/2023,12880
2/10/2023,8095
2/11/2023,0
2/12/2023,0
2/13/2023,9625
2/14/2023,11245
2/15/2023,12510
2/16/2023,9880
2/17/2023,9750
2/18/2023,0
2/19/2023,0
2/20/2023,11625
2/21/2023,12225
2/22/2023,9930
2/23/2023,5580
2/24/2023,7795
2/25/2023,220
2/26/2023,0
2/27/2023,9050
2/28/2023,7920
3/1/2023,9330
3/2/2023,4860
3/3/2023,6015
3/4/2023,0
3/5/2023,0
3/6/2023,8275
3/7/2023,13975
3/8/2023,10985
3/9/2023,9670
3/10/2023,5280
3/11/2023,0
3/12/2023,0
3/13/2023,1015
3/14/2023,110
3/15/2023,0
3/16/2023,0
3/17/2023,0
3/18/2023,0
3/19/2023,0
3/20/2023,8180
3/21/2023,4320
3/22/2023,7750
3/23/2023,7130
3/24/2023,75
3/25/2023,0
3/26/2023,0
3/27/2023,7340
3/28/2023,7680
3/29/2023,8080
3/30/2023,7825
3/31/2023,4690
4/1/2023,0
4/2/2023,0
4/3/2023,6760
4/4/2023,7155
4/5/2023,6890
4/6/2023,4275
4/7/2023,5650
4/8/2023,0
4/9/2023,0
4/10/2023,8880
4/11/2023,7125
4/12/2023,7855
4/13/2023,6850
4/14/2023,4295
4/15/2023,0
4/16/2023,0
4/17/2023,6745
4/18/2023,8300
4/19/2023,7380
4/20/2023,7935
4/21/2023,6510
4/22/2023,0
4/23/2023,0
4/24/2023,1565
4/25/2023,635
4/26/2023,0
4/27/2023,0
4/28/2023,0
4/29/2023,0
4/30/2023,0
5/1/2023,8435
5/2/2023,6625
5/3/2023,8170
5/4/2023,5780
5/5/2023,205
5/6/2023,0
5/7/2023,0
5/8/2023,7740
5/9/2023,3835
5/10/2023,1975
5/11/2023,440
5/12/2023,2335
5/13/2023,0
5/14/2023,0
5/15/2023,560
5/16/2023,0
5/17/2023,185
5/18/2023,1375
5/19/2023,1270
5/20/2023,0
5/21/2023,0
5/22/2023,1380
5/23/2023,3985
5/24/2023,1140
5/25/2023,480
5/26/2023,910
5/27/2023,0
5/28/2023,0
5/29/2023,0
5/30/2023,2275
5/31/2023,4205
6/1/2023,3225
6/2/2023,2960
6/3/2023,0
6/4/2023,0
6/5/2023,7435
6/6/2023,6355
6/7/2023,3395
6/8/2023,6445
6/9/2023,1810
6/10/2023,0
6/11/2023,0
6/12/2023,4190
6/13/2023,4330
6/14/2023,1365
6/15/2023,5645
6/16/2023,1525
6/17/2023,0
6/18/2023,0
6/19/2023,0
6/20/2023,2505
6/21/2023,5410
6/22/2023,5380
6/23/2023,3725
6/24/2023,0
6/25/2023,0
6/26/2023,2625
6/27/2023,3615
6/28/2023,2145
6/29/2023,2835
6/30/2023,2065
7/1/2023,0
7/2/2023,40
7/3/2023,0
7/4/2023,0
7/5/2023,2820
7/6/2023,3570
7/7/2023,1795
7/8/2023,0
7/9/2023,0
7/10/2023,3925
7/11/2023,4520
7/12/2023,240
7/13/2023,1840
7/14/2023,1180
7/15/2023,0
7/16/2023,0
7/17/2023,3200
7/18/2023,2560
7/19/2023,4930
7/20/2023,4555
7/21/2023,2930
7/22/2023,0
7/23/2023,0
7/24/2023,4255
7/25/2023,3095
7/26/2023,3960
7/27/2023,4980
7/28/2023,2270
7/29/2023,0
7/30/2023,0
7/31/2023,2510
8/1/2023,1385
8/2/2023,2595
8/3/2023,3020
8/4/2023,665
8/5/2023,0
8/6/2023,0
8/7/2023,2435
8/8/2023,640
8/9/2023,1525
8/10/2023,1930
8/11/2023,560
8/12/2023,0
8/13/2023,0
8/14/2023,940
8/15/2023,2835
8/16/2023,2150
8/17/2023,0
8/18/2023,0
8/19/2023,0
8/20/2023,0
8/21/2023,4425
8/22/2023,6580
8/23/2023,4525
8/24/2023,2995
8/25/2023,5085
8/26/2023,0
8/27/2023,0
8/28/2023,6095
8/29/2023,11380
8/30/2023,7225
8/31/2023,11780
9/1/2023,6430
9/2/2023,0
9/3/2023,0
9/4/2023,0
9/5/2023,7885
9/6/2023,15690
9/7/2023,9905
9/8/2023,5160
9/9/2023,0
9/10/2023,0
9/11/2023,11120
9/12/2023,9290
9/13/2023,6595
9/14/2023,8240
9/15/2023,2985
9/16/2023,0
9/17/2023,0
9/18/2023,7730
9/19/2023,8310
9/20/2023,7500
9/21/2023,8150
9/22/2023,5205
9/23/2023,0
9/24/2023,0
9/25/2023,7600
9/26/2023,4375
9/27/2023,6620
9/28/2023,9110
9/29/2023,2825
9/30/2023,0
10/1/2023,0
10/2/2023,7260
10/3/2023,7305
10/4/2023,5585
10/5/2023,1075
10/6/2023,0
10/7/2023,0
10/8/2023,0
10/9/2023,4155
10/10/2023,5465
10/11/2023,8920
10/12/2023,7545
10/13/2023,4895
10/14/2023,0
10/15/2023,0
10/16/2023,3190
10/17/2023,6650
10/18/2023,3830
10/19/2023,8535
10/20/2023,5455
10/21/2023,0
10/22/2023,0
10/23/2023,4775
10/24/2023,8025
10/25/2023,7390
10/26/2023,5745
10/27/2023,4100
10/28/2023,0
10/29/2023,0
10/30/2023,4100
10/31/2023,7140
11/1/2023,7565
11/2/2023,7465
11/3/2023,5535
11/4/2023,0
11/5/2023,0
11/6/2023,5115
11/7/2023,6865
11/8/2023,5125
11/9/2023,6620
11/10/2023,2950
11/11/2023,150
11/12/2023,0
11/13/2023,5445
11/14/2023,7410
11/15/2023,8625
11/16/2023,6255
11/17/2023,4755
11/18/2023,0
11/19/2023,0
11/20/2023,4465
11/21/2023,4305
11/22/2023,1100
11/23/2023,0
11/24/2023,0
11/25/2023,0
11/26/2023,0
11/27/2023,5400
11/28/2023,4285
11/29/2023,3410
11/30/2023,6415
12/1/2023,5895
12/2/2023,0
12/3/2023,0
12/4/2023,4295
12/5/2023,3730
12/6/2023,3920
12/7/2023,7520
12/8/2023,3040
12/9/2023,100
12/10/2023,0
12/11/2023,4340
12/12/2023,5200
12/13/2023,1410
12/14/2023,0
12/15/2023,240
12/16/2023,0
12/17/2023,0
12/18/2023,0
12/19/2023,0
12/20/2023,0
12/21/2023,0
12/22/2023,0
12/23/2023,0
12/24/2023,0
12/25/2023,0
12/26/2023,0
12/27/2023,0
12/28/2023,0
12/29/2023,0
12/30/2023,0
12/31/2023,0
1/1/2024,0
1/2/2024,1230
1/3/2024,1715
1/4/2024,1630
1/5/2024,2015
1/6/2024,0
1/7/2024,0
1/8/2024,1590
1/9/2024,2525
1/10/2024,2580
1/11/2024,2125
1/12/2024,355
1/13/2024,0
1/14/2024,0
1/15/2024,0
1/16/2024,1475
1/17/2024,1825
1/18/2024,3455
1/19/2024,850
1/20/2024,0
1/21/2024,0
1/22/2024,3120
1/23/2024,3145
1/24/2024,3195
1/25/2024,3195
1/26/2024,2340
1/27/2024,0
1/28/2024,0
1/29/2024,8955
1/30/2024,6475
1/31/2024,11945
2/1/2024,9310
2/2/2024,4675
2/3/2024,0
2/4/2024,0
2/5/2024,14150
2/6/2024,9710
2/7/2024,7750
2/8/2024,12090
2/9/2024,3900
2/10/2024,0
2/11/2024,0
2/12/2024,7680
2/13/2024,8120
2/14/2024,7230
2/15/2024,4550
2/16/2024,5495
2/17/2024,0
2/18/2024,0
2/19/2024,7445
2/20/2024,8945
2/21/2024,7860
2/22/2024,9330
2/23/2024,5395
2/24/2024,0
2/25/2024,0
2/26/2024,11245
2/27/2024,6050
2/28/2024,6870
2/29/2024,8290
3/1/2024,4855
