Time,Exam,Holiday,Semester,Tickets Issued,Issued Amount
8/1/18,0,0,2,128,6440
8/2/18,0,0,2,113,5680
8/3/18,0,0,2,123,5565
8/4/18,0,0,2,30,1635
8/5/18,0,0,2,27,1455
8/6/18,0,0,2,185,9385
8/7/18,0,0,2,91,4260
8/8/18,0,0,2,125,5885
8/9/18,0,0,2,122,5735
8/10/18,0,0,2,223,11660
8/11/18,0,0,2,17,905
8/12/18,0,0,2,29,1595
8/13/18,1,0,2,175,9000
8/14/18,1,0,0,179,8330
8/15/18,0,0,1,192,9535
8/16/18,0,0,1,180,7350
8/17/18,0,0,1,213,11375
8/18/18,0,0,1,64,3475
8/19/18,0,0,1,91,4960
8/20/18,0,0,1,337,18400
8/21/18,0,0,1,291,15635
8/22/18,0,0,3,777,42455
8/23/18,0,0,3,641,35245
8/24/18,0,0,3,388,21425
8/25/18,0,0,3,34,1870
8/26/18,0,0,3,59,3250
8/27/18,0,0,3,177,8420
8/28/18,0,0,3,139,6085
8/29/18,0,0,3,126,4745
8/30/18,0,0,3,130,4585
8/31/18,0,0,3,249,10380
9/1/18,0,0,3,2,80
9/2/18,0,0,3,40,405
9/3/18,0,1,3,60,565
9/4/18,0,0,3,674,10065
9/5/18,0,0,3,800,11380
9/6/18,0,0,3,640,27855
9/7/18,0,0,3,173,7640
9/8/18,0,0,3,7,285
9/9/18,0,0,3,24,1125
9/10/18,0,0,3,195,8405
9/11/18,0,0,3,160,7345
9/12/18,0,0,3,176,9150
9/13/18,0,0,3,302,15915
9/14/18,0,0,3,101,3960
9/15/18,0,0,3,3,130
9/16/18,0,0,3,27,1440
9/17/18,0,0,3,537,25930
9/18/18,0,0,3,629,32895
9/19/18,0,0,3,480,24385
9/20/18,0,0,3,591,31350
9/21/18,0,0,3,463,22900
9/22/18,0,0,3,134,7370
9/23/18,0,0,3,66,3545
9/24/18,0,0,3,457,21845
9/25/18,0,0,3,516,27495
9/26/18,0,0,3,410,21375
9/27/18,0,0,3,86,1360
9/28/18,0,0,3,37,2035
9/29/18,0,0,3,2,110
9/30/18,0,0,3,7,425
10/1/18,0,0,3,146,7450
10/2/18,0,0,3,216,7000
10/3/18,0,0,3,567,29730
10/4/18,0,0,3,199,7380
10/5/18,0,0,3,202,7320
10/6/18,0,0,3,73,3895
10/7/18,0,0,3,41,2085
10/8/18,0,0,3,249,11970
10/9/18,0,0,3,188,7655
10/10/18,0,0,3,180,8485
10/11/18,0,0,3,214,9270
10/12/18,0,0,3,150,5895
10/13/18,0,0,3,60,3190
10/14/18,0,0,3,56,3250
10/15/18,0,0,3,63,3030
10/16/18,0,0,3,173,7855
10/17/18,0,0,3,66,2525
10/18/18,0,0,3,119,2615
10/19/18,0,0,3,122,6005
10/20/18,0,0,3,1,55
10/21/18,0,0,3,193,11245
10/22/18,0,0,3,84,2575
10/23/18,0,0,3,258,8350
10/24/18,0,0,3,38,2530
10/25/18,0,0,3,247,11660
10/26/18,0,0,3,150,7045
10/27/18,0,0,3,12,660
10/28/18,0,0,3,22,1265
10/29/18,0,0,3,72,2575
10/30/18,0,0,3,153,7950
10/31/18,0,0,3,119,5715
11/1/18,0,0,3,79,3020
11/2/18,0,0,3,51,1980
11/3/18,0,0,3,33,1745
11/4/18,0,0,3,49,2690
11/5/18,0,0,3,32,935
11/6/18,0,0,3,75,2875
11/7/18,0,0,3,63,3005
11/8/18,0,0,3,84,1845
11/9/18,0,0,3,80,4235
11/10/18,0,0,3,14,800
11/11/18,0,0,3,0,0
11/12/18,0,0,3,114,7030
11/13/18,0,0,3,116,5075
11/14/18,0,0,3,46,3180
11/15/18,0,0,3,86,2480
11/16/18,0,0,3,140,5830
11/17/18,0,0,3,11,550
11/18/18,0,0,3,25,1405
11/19/18,0,0,3,95,4170
11/20/18,0,0,3,171,6585
11/21/18,0,1,3,44,1380
11/22/18,0,1,3,0,0
11/23/18,0,1,3,35,2505
11/24/18,0,0,3,16,810
11/25/18,0,0,3,42,2380
11/26/18,0,0,3,131,6425
11/27/18,0,0,3,85,2485
11/28/18,0,0,3,59,3130
11/29/18,0,0,3,95,3140
11/30/18,0,0,3,102,5570
12/1/18,0,0,3,10,480
12/2/18,0,0,3,67,3765
12/3/18,0,0,3,66,3270
12/4/18,0,0,3,195,7340
12/5/18,0,0,3,102,5420
12/6/18,1,0,3,97,4055
12/7/18,1,0,3,60,2515
12/8/18,1,0,3,21,1085
12/9/18,1,0,3,7,405
12/10/18,1,0,3,123,6450
12/11/18,1,0,3,85,3695
12/12/18,1,0,3,70,3560
12/13/18,0,0,1,13,895
12/14/18,0,0,1,13,665
12/15/18,0,0,1,17,955
12/16/18,0,0,1,25,1415
12/17/18,0,0,1,84,3720
12/18/18,0,0,1,56,2580
12/19/18,0,0,1,104,5135
12/20/18,0,0,1,34,1590
12/21/18,0,0,1,78,4375
12/22/18,0,0,1,0,0
12/23/18,0,0,1,67,3800
12/24/18,0,0,1,34,1685
12/25/18,0,0,1,0,0
12/26/18,0,0,1,11,575
12/27/18,0,0,1,0,0
12/28/18,0,0,1,0,0
12/29/18,0,0,1,0,0
12/30/18,0,0,1,0,0
12/31/18,0,0,1,0,0
1/1/19,0,1,1,0,0
1/2/19,0,0,1,100,3520
1/3/19,0,0,1,44,2370
1/4/19,0,0,1,77,3815
1/5/19,0,0,1,17,935
1/6/19,0,0,1,37,2005
1/7/19,0,0,1,32,1605
1/8/19,0,0,1,57,2135
1/9/19,0,0,1,72,3280
1/10/19,0,0,1,70,3290
1/11/19,0,0,1,95,5120
1/12/19,0,0,1,0,0
1/13/19,0,0,1,27,1430
1/14/19,0,0,4,49,1185
1/15/19,0,0,4,147,4275
1/16/19,0,0,4,78,2175
1/17/19,0,0,4,185,5825
1/18/19,0,0,4,178,4955
1/19/19,0,0,4,7,110
1/20/19,0,0,4,13,430
1/21/19,0,1,4,16,780
1/22/19,0,0,4,112,3055
1/23/19,0,0,4,190,7980
1/24/19,0,0,4,182,7510
1/25/19,0,0,4,237,10080
1/26/19,0,0,4,2,55
1/27/19,0,0,4,48,2585
1/28/19,0,0,4,373,14690
1/29/19,0,0,4,279,12695
1/30/19,0,0,4,261,10965
1/31/19,0,0,4,212,8380
2/1/19,0,0,4,193,9125
2/2/19,0,0,4,53,2870
2/3/19,0,0,4,53,2915
2/4/19,0,0,4,321,16945
2/5/19,0,0,4,203,11660
2/6/19,0,0,4,219,11050
2/7/19,0,0,4,579,30565
2/8/19,0,0,4,252,13185
2/9/19,0,0,4,19,925
2/10/19,0,0,4,50,2655
2/11/19,0,0,4,581,27700
2/12/19,0,0,4,343,14515
2/13/19,0,0,4,215,9750
2/14/19,0,0,4,468,21835
2/15/19,0,0,4,644,31620
2/16/19,0,0,4,19,890
2/17/19,0,0,4,138,7205
2/18/19,0,0,4,496,21240
2/19/19,0,0,4,365,20905
2/20/19,0,0,4,331,16675
2/21/19,0,0,4,286,12460
2/22/19,0,0,4,410,20115
2/23/19,0,0,4,194,11025
2/24/19,0,0,4,88,4705
2/25/19,0,0,4,299,12560
2/26/19,0,0,4,524,23330
2/27/19,0,0,4,402,20560
2/28/19,0,0,4,218,10620
3/1/19,0,0,4,255,11510
3/2/19,0,0,4,69,3575
3/3/19,0,0,4,86,4435
3/4/19,0,0,4,268,10055
3/5/19,0,0,4,188,7295
3/6/19,0,0,4,154,6875
3/7/19,0,0,4,196,8560
3/8/19,0,0,4,592,32220
3/9/19,0,0,4,32,1755
3/10/19,0,0,4,29,1585
3/11/19,0,0,4,201,8885
3/12/19,0,0,4,158,6100
3/13/19,0,0,4,147,6610
3/14/19,0,0,4,189,8800
3/15/19,0,0,4,142,5405
3/16/19,0,0,4,69,3320
3/17/19,0,0,4,81,5000
3/18/19,0,0,4,274,12505
3/19/19,0,0,4,240,10020
3/20/19,0,0,4,237,11200
3/21/19,0,0,4,321,13470
3/22/19,0,0,4,249,12610
3/23/19,0,0,4,25,1255
3/24/19,0,0,4,123,6510
3/25/19,0,0,4,384,18145
3/26/19,0,0,4,297,12950
3/27/19,0,0,4,257,12535
3/28/19,0,0,4,260,10615
3/29/19,0,0,4,287,14455
3/30/19,0,0,4,90,4545
3/31/19,0,0,4,81,4470
4/1/19,0,0,4,275,12120
4/2/19,0,0,4,235,9655
4/3/19,0,0,4,193,8110
4/4/19,0,0,4,273,10500
4/5/19,0,0,4,243,11245
4/6/19,0,0,4,38,1970
4/7/19,0,0,4,61,3175
4/8/19,0,0,4,284,13695
4/9/19,0,0,4,338,14905
4/10/19,0,0,4,208,9855
4/11/19,0,0,4,259,7935
4/12/19,0,0,4,360,16375
4/13/19,0,0,4,28,1480
4/14/19,0,0,4,191,9925
4/15/19,0,0,4,360,16920
4/16/19,0,0,4,275,9615
4/17/19,0,0,4,229,11600
4/18/19,0,0,4,374,15465
4/19/19,0,0,4,440,22515
4/20/19,0,0,4,8,395
4/21/19,0,0,4,76,3855
4/22/19,0,0,4,424,18335
4/23/19,0,0,4,249,9140
4/24/19,0,0,4,248,11860
4/25/19,0,0,4,257,9525
4/26/19,0,0,4,396,18325
4/27/19,0,0,4,59,3350
4/28/19,0,0,4,60,3020
4/29/19,0,0,4,304,12965
4/30/19,0,0,4,258,9165
5/1/19,0,0,4,179,9385
5/2/19,0,0,4,201,8365
5/3/19,0,0,4,197,10405
5/4/19,1,0,4,30,1625
5/5/19,1,0,4,78,4415
5/6/19,1,0,4,91,3770
5/7/19,1,0,4,141,4075
5/8/19,1,0,4,135,7050
5/9/19,1,0,4,26,1215
5/10/19,1,0,4,15,825
5/11/19,0,0,1,0,0
5/12/19,0,0,1,7,375
5/13/19,0,0,5,191,5140
5/14/19,0,0,5,231,10290
5/15/19,0,0,5,166,6630
5/16/19,0,0,5,181,5295
5/17/19,0,0,5,158,8075
5/18/19,0,0,5,0,0
5/19/19,0,0,5,30,1585
5/20/19,0,0,5,88,3480
5/21/19,0,0,5,169,8150
5/22/19,0,0,5,31,1825
5/23/19,0,0,5,23,1660
5/24/19,0,0,5,44,2170
5/25/19,0,0,5,0,0
5/26/19,0,0,5,40,2290
5/27/19,0,1,5,8,440
5/28/19,0,0,5,15,660
5/29/19,0,0,5,59,2760
5/30/19,0,0,5,27,1580
5/31/19,0,0,5,19,720
6/1/19,0,0,5,2,130
6/2/19,0,0,5,10,550
6/3/19,0,0,5,36,2115
6/4/19,0,0,5,100,3760
6/5/19,0,0,5,63,2770
6/6/19,0,0,5,68,2910
6/7/19,0,0,5,71,3560
6/8/19,0,0,5,25,1000
6/9/19,0,0,5,27,1365
6/10/19,0,0,5,63,2780
6/11/19,0,0,5,177,8830
6/12/19,0,0,5,53,2075
6/13/19,0,0,5,47,1535
6/14/19,0,0,5,69,2515
6/15/19,0,0,5,29,1525
6/16/19,0,0,5,19,975
6/17/19,0,0,5,98,5250
6/18/19,0,0,5,97,3715
6/19/19,0,0,5,107,5160
6/20/19,0,0,5,49,2570
6/21/19,0,0,5,93,4075
6/22/19,0,0,5,26,1505
6/23/19,0,0,5,17,935
6/24/19,0,0,5,146,5565
6/25/19,0,0,5,129,6635
6/26/19,0,0,5,36,2090
6/27/19,0,0,5,72,2425
6/28/19,0,0,5,115,6370
6/29/19,0,0,5,10,555
6/30/19,0,0,5,7,410
7/1/19,0,0,5,131,4905
7/2/19,0,0,5,66,4095
7/3/19,0,0,5,61,3205
7/4/19,0,1,5,1,55
7/5/19,0,0,5,23,1250
7/6/19,0,0,5,12,630
7/7/19,0,0,5,6,270
7/8/19,0,0,5,37,1175
7/9/19,0,0,5,30,1635
7/10/19,0,0,5,78,2360
7/11/19,0,0,5,104,4070
7/12/19,0,0,5,40,1905
7/13/19,0,0,5,5,245
7/14/19,0,0,5,5,245
7/15/19,0,0,5,75,2640
7/16/19,0,0,5,68,2325
7/17/19,0,0,5,73,3090
7/18/19,0,0,5,80,2515
7/19/19,0,0,5,128,5725
7/20/19,0,0,5,42,2735
7/21/19,0,0,5,14,760
7/22/19,0,0,5,62,2670
7/23/19,0,0,5,109,4615
7/24/19,0,0,5,91,3800
7/25/19,0,0,5,103,4295
7/26/19,0,0,5,87,4210
7/27/19,0,0,5,7,370
7/28/19,0,0,5,7,370
7/29/19,0,0,5,84,3255
7/30/19,0,0,5,101,4795
7/31/19,0,0,5,51,1910
8/1/19,0,0,5,63,3070
8/2/19,0,0,5,42,2260
8/3/19,0,0,5,8,410
8/4/19,0,0,5,3,165
8/5/19,0,0,5,109,4280
8/6/19,0,0,5,96,4230
8/7/19,0,0,5,73,2510
8/8/19,0,0,5,143,7610
8/9/19,0,0,5,34,1810
8/10/19,0,0,5,17,925
8/11/19,0,0,5,22,1085
8/12/19,1,0,5,101,3825
8/13/19,1,0,5,51,1820
8/14/19,0,0,1,33,1565
8/15/19,0,0,1,29,1430
8/16/19,0,0,1,17,1205
8/17/19,0,0,1,3,165
8/18/19,0,0,1,3,365
8/19/19,0,0,1,32,1695
8/20/19,0,0,1,33,1590
8/21/19,0,0,6,62,3900
8/22/19,0,0,6,112,6380
8/23/19,0,0,6,209,11370
8/24/19,0,0,6,8,405
8/25/19,0,0,6,30,3105
8/26/19,0,0,6,261,11485
8/27/19,0,0,6,504,14235
8/28/19,0,0,6,326,9775
8/29/19,0,0,6,315,10795
8/30/19,0,0,6,279,10810
8/31/19,0,0,6,42,2160
9/1/19,0,0,6,32,1995
9/2/19,0,1,6,60,3010
9/3/19,0,0,6,353,11920
9/4/19,0,0,6,326,12865
9/5/19,0,0,6,175,6445
9/6/19,0,0,6,147,7430
9/7/19,0,0,6,82,4125
9/8/19,0,0,6,75,3860
9/9/19,0,0,6,229,9830
9/10/19,0,0,6,197,7805
9/11/19,0,0,6,245,10885
9/12/19,0,0,6,218,10965
9/13/19,0,0,6,218,9770
9/14/19,0,0,6,85,4335
9/15/19,0,0,6,46,2335
9/16/19,0,0,6,205,6910
9/17/19,0,0,6,188,5650
9/18/19,0,0,6,226,6800
9/19/19,0,0,6,205,4630
9/20/19,0,0,6,238,9885
9/21/19,0,0,6,4,220
9/22/19,0,0,6,16,865
9/23/19,0,0,6,154,3080
9/24/19,0,0,6,109,3300
9/25/19,0,0,6,95,3240
9/26/19,0,0,6,149,2245
9/27/19,0,0,6,102,1610
9/28/19,0,0,6,2,130
9/29/19,0,0,6,19,1000
9/30/19,0,0,6,186,7240
10/1/19,0,0,6,257,8360
10/2/19,0,0,6,236,8950
10/3/19,0,0,6,244,6915
10/4/19,0,0,6,232,5835
10/5/19,0,0,6,7,165
10/6/19,0,0,6,6,205
10/7/19,0,0,6,228,5430
10/8/19,0,0,6,212,6075
10/9/19,0,0,6,246,7160
10/10/19,0,0,6,262,8910
10/11/19,0,0,6,248,7765
10/12/19,0,0,6,3,165
10/13/19,0,0,6,65,3060
10/14/19,0,0,6,242,7880
10/15/19,0,0,6,239,8245
10/16/19,0,0,6,164,4650
10/17/19,0,0,6,188,5020
10/18/19,0,0,6,130,4035
10/19/19,0,0,6,1,0
10/20/19,0,0,6,0,0
10/21/19,0,0,6,155,4470
10/22/19,0,0,6,198,4770
10/23/19,0,0,6,202,7410
10/24/19,0,0,6,126,3400
10/25/19,0,0,6,228,9730
10/26/19,0,0,6,29,1325
10/27/19,0,0,6,25,1355
10/28/19,0,0,6,204,6890
10/29/19,0,0,6,190,5995
10/30/19,0,0,6,185,6210
10/31/19,0,0,6,188,6560
11/1/19,0,0,6,180,5585
11/2/19,0,0,6,42,2090
11/3/19,0,0,6,31,1350
11/4/19,0,0,6,212,5975
11/5/19,0,0,6,156,4445
11/6/19,0,0,6,174,6270
11/7/19,0,0,6,148,4075
11/8/19,0,0,6,114,4895
11/9/19,0,0,6,169,9570
11/10/19,0,0,6,46,2430
11/11/19,0,0,6,188,6315
11/12/19,0,0,6,280,9850
11/13/19,0,0,6,294,12040
11/14/19,0,0,6,278,11180
11/15/19,0,0,6,128,4235
11/16/19,0,0,6,71,3665
11/17/19,0,0,6,47,2050
11/18/19,0,0,6,309,11785
11/19/19,0,0,6,191,7860
11/20/19,0,0,6,331,14845
11/21/19,0,0,6,485,21635
11/22/19,0,0,6,223,8410
11/23/19,0,0,6,9,450
11/24/19,0,0,6,55,2890
11/25/19,0,0,6,335,14835
11/26/19,0,0,6,207,6995
11/27/19,0,1,6,54,965
11/28/19,0,1,6,1,0
11/29/19,0,1,6,88,4835
11/30/19,0,0,6,60,3405
12/1/19,0,0,6,15,760
12/2/19,0,0,6,108,2255
12/3/19,0,0,6,129,2055
12/4/19,0,0,6,159,5300
12/5/19,1,0,6,127,1190
12/6/19,1,0,6,81,2600
12/7/19,1,0,6,4,130
12/8/19,1,0,6,16,900
12/9/19,1,0,6,126,2125
12/10/19,1,0,6,139,4125
12/11/19,1,0,6,102,4060
12/12/19,0,0,1,45,2730
12/13/19,0,0,1,28,1255
12/14/19,0,0,1,0,0
12/15/19,0,0,1,12,600
12/16/19,0,0,1,65,1270
12/17/19,0,0,1,165,2730
12/18/19,0,0,1,126,2280
12/19/19,0,0,1,137,3195
12/20/19,0,0,1,87,3940
12/21/19,0,0,1,0,0
12/22/19,0,0,1,3,150
12/23/19,0,0,1,9,605
12/24/19,0,0,1,2,110
12/25/19,0,0,1,0,0
12/26/19,0,0,1,0,0
12/27/19,0,0,1,0,0
12/28/19,0,0,1,0,0
12/29/19,0,0,1,8,330
12/30/19,0,0,1,0,0
12/31/19,0,0,1,0,0
1/1/20,0,1,1,0,0
1/2/20,0,0,1,25,1160
1/3/20,0,0,1,100,910
1/4/20,0,0,1,0,0
1/5/20,0,0,1,1,55
1/6/20,0,0,1,113,3050
1/7/20,0,0,1,66,2445
1/8/20,0,0,1,111,3885
1/9/20,0,0,1,23,1130
1/10/20,0,0,1,48,1870
1/11/20,0,0,1,0,0
1/12/20,0,0,1,6,320
1/13/20,0,0,1,123,3365
1/14/20,0,0,1,106,3025
1/15/20,0,0,1,125,2600
1/16/20,0,0,1,77,2495
1/17/20,0,0,1,56,990
1/18/20,0,0,1,7,300
1/19/20,0,0,1,11,550
1/20/20,0,1,1,16,645
1/21/20,0,0,7,251,12015
1/22/20,0,0,7,388,17970
1/23/20,0,0,7,275,11850
1/24/20,0,0,7,228,7195
1/25/20,0,0,7,647,35495
1/26/20,0,0,7,38,1950
1/27/20,0,0,7,425,14700
1/28/20,0,0,7,370,16555
1/29/20,0,0,7,218,5660
1/30/20,0,0,7,160,6055
1/31/20,0,0,7,186,8240
2/1/20,0,0,7,172,9435
2/2/20,0,0,7,71,3730
2/3/20,0,0,7,289,9200
2/4/20,0,0,7,274,11480
2/5/20,0,0,7,245,7765
2/6/20,0,0,7,223,7375
2/7/20,0,0,7,192,8350
2/8/20,0,0,7,9,465
2/9/20,0,0,7,249,13455
2/10/20,0,0,7,194,7175
2/11/20,0,0,7,195,9130
2/12/20,0,0,7,235,7345
2/13/20,0,0,7,175,7545
2/14/20,0,0,7,207,7900
2/15/20,0,0,7,123,6070
2/16/20,0,0,7,52,2725
2/17/20,0,0,7,220,8615
2/18/20,0,0,7,278,11365
2/19/20,0,0,7,262,9815
2/20/20,0,0,7,200,8705
2/21/20,0,0,7,238,9535
2/22/20,0,0,7,59,3005
2/23/20,0,0,7,47,2310
2/24/20,0,0,7,240,8350
2/25/20,0,0,7,154,6605
2/26/20,0,0,7,222,7715
2/27/20,0,0,7,207,7685
2/28/20,0,0,7,359,13725
2/29/20,0,0,7,196,10615
3/1/20,0,0,7,38,1940
3/2/20,0,0,7,317,12285
3/3/20,0,0,7,393,17410
3/4/20,0,0,7,234,7950
3/5/20,0,0,7,362,18040
3/6/20,0,0,7,468,23625
3/7/20,0,0,7,83,4665
3/8/20,0,0,7,36,1840
3/9/20,0,0,7,384,17985
3/10/20,0,0,7,165,9690
3/11/20,0,0,7,201,7825
3/12/20,0,0,7,120,4670
3/13/20,0,0,7,107,5845
3/14/20,0,0,7,27,1455
3/15/20,0,0,7,80,4195
3/16/20,0,0,7,39,2135
3/17/20,0,0,7,16,650
3/18/20,0,0,7,3,115
3/19/20,0,0,7,4,150
3/20/20,0,0,7,16,805
3/21/20,0,0,7,0,0
3/22/20,0,0,7,1,40
3/23/20,0,0,7,0,0
3/24/20,0,0,7,0,0
3/25/20,0,0,7,0,0
3/26/20,0,0,7,0,0
3/27/20,0,0,7,0,0
3/28/20,0,0,7,0,0
3/29/20,0,0,7,0,0
3/30/20,0,0,7,0,0
3/31/20,0,0,7,0,0
4/1/20,0,0,7,0,0
4/2/20,0,0,7,0,0
4/3/20,0,0,7,0,0
4/4/20,0,0,7,0,0
4/5/20,0,0,7,0,0
4/6/20,0,0,7,0,0
4/7/20,0,0,7,0,0
4/8/20,0,0,7,0,0
4/9/20,0,0,7,0,0
4/10/20,0,0,7,0,0
4/11/20,0,0,7,0,0
4/12/20,0,0,7,0,0
4/13/20,0,0,7,0,0
4/14/20,0,0,7,0,0
4/15/20,0,0,7,0,0
4/16/20,0,0,7,0,0
4/17/20,0,0,7,0,0
4/18/20,0,0,7,0,0
4/19/20,0,0,7,0,0
4/20/20,0,0,7,1,0
4/21/20,0,0,7,0,0
4/22/20,0,0,7,0,0
4/23/20,0,0,7,0,0
4/24/20,0,0,7,0,0
4/25/20,0,0,7,0,0
4/26/20,0,0,7,0,0
4/27/20,0,0,7,0,0
4/28/20,0,0,7,0,0
4/29/20,0,0,7,0,0
4/30/20,0,0,7,3,150
5/1/20,0,0,7,7,340
5/2/20,0,0,7,0,0
5/3/20,0,0,7,0,0
5/4/20,0,0,7,24,1315
5/5/20,0,0,7,0,0
5/6/20,0,0,7,0,0
5/7/20,0,0,7,0,0
5/8/20,0,0,7,30,1575
5/9/20,1,0,7,0,0
5/10/20,1,0,7,0,0
5/11/20,1,0,7,0,0
5/12/20,1,0,7,0,0
5/13/20,1,0,7,0,0
5/14/20,1,0,7,0,0
5/15/20,1,0,7,0,0
5/16/20,0,0,1,0,0
5/17/20,0,0,1,0,0
5/18/20,0,0,8,0,0
5/19/20,0,0,8,0,0
5/20/20,0,0,8,0,0
5/21/20,0,0,8,0,0
5/22/20,0,0,8,0,0
5/23/20,0,0,8,0,0
5/24/20,0,0,8,0,0
5/25/20,0,1,8,0,0
5/26/20,0,0,8,0,0
5/27/20,0,0,8,0,0
5/28/20,0,0,8,0,0
5/29/20,0,0,8,0,0
5/30/20,0,0,8,0,0
5/31/20,0,0,8,0,0
6/1/20,0,0,8,0,0
6/2/20,0,0,8,0,0
6/3/20,0,0,8,0,0
6/4/20,0,0,8,0,0
6/5/20,0,0,8,0,0
6/6/20,0,0,8,0,0
6/7/20,0,0,8,0,0
6/8/20,0,0,8,0,0
6/9/20,0,0,8,0,0
6/10/20,0,0,8,0,0
6/11/20,0,0,8,0,0
6/12/20,0,0,8,0,0
6/13/20,0,0,8,0,0
6/14/20,0,0,8,0,0
6/15/20,0,0,8,0,0
6/16/20,0,0,8,0,0
6/17/20,0,0,8,0,0
6/18/20,0,0,8,0,0
6/19/20,0,0,8,0,0
6/20/20,0,0,8,0,0
6/21/20,0,0,8,0,0
6/22/20,0,0,8,0,0
6/23/20,0,0,8,0,0
6/24/20,0,0,8,1,100
6/25/20,0,0,8,0,0
6/26/20,0,0,8,0,0
6/27/20,0,0,8,0,0
6/28/20,0,0,8,0,0
6/29/20,0,0,8,0,0
6/30/20,0,0,8,0,0
7/1/20,0,0,8,0,0
7/2/20,0,0,8,0,0
7/3/20,0,0,8,0,0
7/4/20,0,1,8,0,0
7/5/20,0,0,8,0,0
7/6/20,0,0,8,0,0
7/7/20,0,0,8,0,0
7/8/20,0,0,8,0,0
7/9/20,0,0,8,0,0
7/10/20,0,0,8,1,0
7/11/20,0,0,8,0,0
7/12/20,0,0,8,0,0
7/13/20,0,0,8,0,0
7/14/20,0,0,8,0,0
7/15/20,0,0,8,0,0
7/16/20,0,0,8,0,0
7/17/20,0,0,8,0,0
7/18/20,0,0,8,0,0
7/19/20,0,0,8,1,55
7/20/20,0,0,8,0,0
7/21/20,0,0,8,0,0
7/22/20,0,0,8,0,0
7/23/20,0,0,8,0,0
7/24/20,0,0,8,0,0
7/25/20,0,0,8,0,0
7/26/20,0,0,8,0,0
7/27/20,0,0,8,0,0
7/28/20,0,0,8,0,0
7/29/20,0,0,8,0,0
7/30/20,0,0,8,0,0
7/31/20,0,0,8,0,0
8/1/20,0,0,8,0,0
8/2/20,0,0,8,0,0
8/3/20,0,0,8,0,0
8/4/20,0,0,8,1,750
8/5/20,0,0,8,0,0
8/6/20,0,0,8,0,0
8/7/20,0,0,8,1,55
8/8/20,0,0,8,0,0
8/9/20,0,0,8,0,0
8/10/20,0,0,8,0,0
8/11/20,0,0,8,0,0
8/12/20,0,0,8,0,0
8/13/20,0,0,8,0,0
8/14/20,0,0,8,0,0
8/15/20,0,0,8,0,0
8/16/20,0,0,8,0,0
8/17/20,1,0,8,3,0
8/18/20,1,0,8,0,0
8/19/20,0,0,1,0,0
8/20/20,0,0,1,0,0
8/21/20,0,0,1,0,0
8/22/20,0,0,1,0,0
8/23/20,0,0,1,0,0
8/24/20,0,0,1,2,0
8/25/20,0,0,1,15,130
8/26/20,0,0,9,54,3870
8/27/20,0,0,9,62,215
8/28/20,0,0,9,3,130
8/29/20,0,0,9,0,0
8/30/20,0,0,9,1,75
8/31/20,0,0,9,70,1695
9/1/20,0,0,9,45,225
9/2/20,0,0,9,69,1020
9/3/20,0,0,9,77,785
9/4/20,0,0,9,32,395
9/5/20,0,0,9,0,0
9/6/20,0,0,9,0,0
9/7/20,0,1,9,0,0
9/8/20,0,0,9,3,150
9/9/20,0,0,9,61,3205
9/10/20,0,0,9,91,5625
9/11/20,0,0,9,73,3980
9/12/20,0,0,9,0,0
9/13/20,0,0,9,0,0
9/14/20,0,0,9,87,4845
9/15/20,0,0,9,59,3220
9/16/20,0,0,9,110,6045
9/17/20,0,0,9,95,5420
9/18/20,0,0,9,7,280
9/19/20,0,0,9,0,0
9/20/20,0,0,9,0,0
9/21/20,0,0,9,54,3235
9/22/20,0,0,9,123,6270
9/23/20,0,0,9,144,6530
9/24/20,0,0,9,100,4690
9/25/20,0,0,9,99,4755
9/26/20,0,0,9,3,120
9/27/20,0,0,9,5,200
9/28/20,0,0,9,148,7285
9/29/20,0,0,9,50,2290
9/30/20,0,0,9,115,5130
10/1/20,0,0,9,86,4325
10/2/20,0,0,9,49,2345
10/3/20,0,0,9,15,600
10/4/20,0,0,9,3,120
10/5/20,0,0,9,90,4155
10/6/20,0,0,9,102,4545
10/7/20,0,0,9,162,8700
10/8/20,0,0,9,197,9795
10/9/20,0,0,9,218,9675
10/10/20,0,0,9,19,760
10/11/20,0,0,9,16,655
10/12/20,0,0,9,157,7565
10/13/20,0,0,9,142,7145
10/14/20,0,0,9,188,8900
10/15/20,0,0,9,104,4720
10/16/20,0,0,9,166,8800
10/17/20,0,0,9,0,0
10/18/20,0,0,9,7,280
10/19/20,0,0,9,269,13565
10/20/20,0,0,9,184,8875
10/21/20,0,0,9,216,10460
10/22/20,0,0,9,109,4765
10/23/20,0,0,9,144,6735
10/24/20,0,0,9,1,40
10/25/20,0,0,9,19,760
10/26/20,0,0,9,149,6830
10/27/20,0,0,9,243,10945
10/28/20,0,0,9,131,5805
10/29/20,0,0,9,164,8580
10/30/20,0,0,9,130,6155
10/31/20,0,0,9,1,40
11/1/20,0,0,9,6,240
11/2/20,0,0,9,228,11260
11/3/20,0,0,9,163,6560
11/4/20,0,0,9,122,5105
11/5/20,0,0,9,147,6810
11/6/20,0,0,9,134,7350
11/7/20,0,0,9,19,720
11/8/20,0,0,9,3,120
11/9/20,0,0,9,195,9120
11/10/20,0,0,9,113,6430
11/11/20,0,0,9,121,5310
11/12/20,0,0,9,116,5870
11/13/20,0,0,9,88,4105
11/14/20,0,0,9,8,320
11/15/20,0,0,9,3,120
11/16/20,0,0,9,94,4685
11/17/20,0,0,9,97,4670
11/18/20,0,0,9,83,3690
11/19/20,0,0,9,167,7075
11/20/20,0,0,9,131,6180
11/21/20,0,0,9,53,2120
11/22/20,0,0,9,2,80
11/23/20,0,0,9,101,4540
11/24/20,0,0,9,122,5395
11/25/20,0,1,9,29,1600
11/26/20,0,1,9,1,40
11/27/20,0,1,9,1,40
11/28/20,0,0,9,2,80
11/29/20,0,0,9,0,0
11/30/20,0,0,9,57,2470
12/1/20,0,0,9,105,650
12/2/20,0,0,9,137,6595
12/3/20,0,0,9,118,5570
12/4/20,0,0,9,63,2340
12/5/20,0,0,9,6,240
12/6/20,0,0,9,1,40
12/7/20,0,0,9,61,3025
12/8/20,0,0,9,111,6060
12/9/20,0,1,9,55,2925
12/10/20,1,0,9,61,2880
12/11/20,1,0,9,26,1185
12/12/20,1,0,9,0,0
12/13/20,1,0,9,0,0
12/14/20,1,0,9,0,0
12/15/20,1,0,9,3,110
12/16/20,1,0,9,0,0
12/17/20,0,0,1,6,265
12/18/20,0,0,1,0,0
12/19/20,0,0,1,0,0
12/20/20,0,0,1,0,0
12/21/20,0,0,1,0,0
12/22/20,0,0,1,23,1150
12/23/20,0,0,1,0,0
12/24/20,0,0,1,0,0
12/25/20,0,0,1,0,0
12/26/20,0,0,1,0,0
12/27/20,0,0,1,0,0
12/28/20,0,0,1,0,0
12/29/20,0,0,1,0,0
12/30/20,0,0,1,0,0
12/31/20,0,0,1,0,0
1/1/21,0,1,1,0,0
1/2/21,0,0,1,0,0
1/3/21,0,0,1,0,0
1/4/21,0,0,1,0,0
1/5/21,0,0,1,0,0
1/6/21,0,0,1,0,0
1/7/21,0,0,1,0,0
1/8/21,0,0,1,0,0
1/9/21,0,0,1,0,0
1/10/21,0,0,1,0,0
1/11/21,0,0,1,0,0
1/12/21,0,0,1,8,710
1/13/21,0,0,1,16,1345
1/14/21,0,0,1,11,685
1/15/21,0,0,1,13,1165
1/16/21,0,0,1,0,0
1/17/21,0,0,1,0,0
1/18/21,0,1,1,0,0
1/19/21,0,0,10,14,560
1/20/21,0,0,10,71,2595
1/21/21,0,0,10,68,1950
1/22/21,0,0,10,29,1535
1/23/21,0,0,10,0,0
1/24/21,0,0,10,0,0
1/25/21,0,0,10,121,1650
1/26/21,0,0,10,71,2255
1/27/21,0,0,10,234,3905
1/28/21,0,0,10,130,1880
1/29/21,0,0,10,124,3525
1/30/21,0,0,10,0,0
1/31/21,0,0,10,0,0
2/1/21,0,0,10,129,4465
2/2/21,0,0,10,131,6585
2/3/21,0,0,10,139,7330
2/4/21,0,0,10,86,4110
2/5/21,0,0,10,80,4040
2/6/21,0,0,10,15,675
2/7/21,0,0,10,3,120
2/8/21,0,0,10,93,4860
2/9/21,0,0,10,104,4630
2/10/21,0,0,10,111,6125
2/11/21,0,0,10,1,40
2/12/21,0,0,10,64,4405
2/13/21,0,0,10,0,0
2/14/21,0,0,10,0,0
2/15/21,0,0,10,0,0
2/16/21,0,0,10,0,0
2/17/21,0,0,10,0,0
2/18/21,0,0,10,0,0
2/19/21,0,0,10,0,0
2/20/21,0,0,10,0,0
2/21/21,0,0,10,0,0
2/22/21,0,0,10,112,5855
2/23/21,0,0,10,125,6280
2/24/21,0,0,10,157,9145
2/25/21,0,0,10,108,5145
2/26/21,0,0,10,120,6175
2/27/21,0,0,10,5,200
2/28/21,0,0,10,1,40
3/1/21,0,0,10,121,5795
3/2/21,0,0,10,118,5450
3/3/21,0,0,10,156,7610
3/4/21,0,0,10,89,4880
3/5/21,0,0,10,146,6915
3/6/21,0,0,10,13,520
3/7/21,0,0,10,12,480
3/8/21,0,0,10,87,3805
3/9/21,0,0,10,121,5420
3/10/21,0,0,10,137,6520
3/11/21,0,0,10,119,5575
3/12/21,0,0,10,129,6375
3/13/21,0,0,10,9,360
3/14/21,0,0,10,3,120
3/15/21,0,0,10,33,1765
3/16/21,0,0,10,30,1560
3/17/21,0,0,10,22,1125
3/18/21,0,0,10,34,1680
3/19/21,0,0,10,5,200
3/20/21,0,0,10,4,160
3/21/21,0,0,10,3,120
3/22/21,0,0,10,134,6610
3/23/21,0,0,10,152,7515
3/24/21,0,0,10,144,6855
3/25/21,0,0,10,135,6875
3/26/21,0,0,10,142,6225
3/27/21,0,0,10,14,560
3/28/21,0,0,10,7,280
3/29/21,0,0,10,146,7185
3/30/21,0,0,10,131,6180
3/31/21,0,0,10,118,5820
4/1/21,0,0,10,130,6230
4/2/21,0,0,10,91,5275
4/3/21,0,0,10,7,280
4/4/21,0,0,10,0,0
4/5/21,0,0,10,101,3880
4/6/21,0,0,10,148,6580
4/7/21,0,0,10,136,6920
4/8/21,0,0,10,111,5470
4/9/21,0,0,10,93,4565
4/10/21,0,0,10,13,520
4/11/21,0,0,10,4,160
4/12/21,0,0,10,113,5095
4/13/21,0,0,10,79,4120
4/14/21,0,0,10,93,4795
4/15/21,0,0,10,106,5115
4/16/21,0,0,10,108,5170
4/17/21,0,0,10,18,720
4/18/21,0,0,10,4,160
4/19/21,0,0,10,116,5380
4/20/21,0,0,10,91,4435
4/21/21,0,0,10,108,4830
4/22/21,0,0,10,107,4600
4/23/21,0,0,10,93,5040
4/24/21,0,0,10,3,120
4/25/21,0,0,10,8,320
4/26/21,0,0,10,90,4020
4/27/21,0,0,10,94,3970
4/28/21,0,0,10,128,5665
4/29/21,0,0,10,54,2305
4/30/21,0,0,10,76,3440
5/1/21,0,0,10,6,240
5/2/21,0,0,10,3,120
5/3/21,0,0,10,86,3745
5/4/21,0,0,10,71,2980
5/5/21,0,1,10,48,2465
5/6/21,1,0,10,92,4215
5/7/21,1,0,10,100,4860
5/8/21,1,0,10,33,1320
5/9/21,1,0,10,2,80
5/10/21,1,0,10,79,3985
5/11/21,1,0,10,89,3690
5/12/21,1,0,10,108,5060
5/13/21,0,0,1,37,1775
5/14/21,0,0,1,35,1895
5/15/21,0,0,1,10,400
5/16/21,0,0,1,2,80
5/17/21,0,0,11,151,6495
5/18/21,0,0,11,53,2315
5/19/21,0,0,11,65,1645
5/20/21,0,0,11,20,40
5/21/21,0,0,11,9,95
5/22/21,0,0,11,0,0
5/23/21,0,0,11,0,0
5/24/21,0,0,11,23,1225
5/25/21,0,0,11,29,1245
5/26/21,0,0,11,38,1875
5/27/21,0,0,11,22,955
5/28/21,0,0,11,22,1085
5/29/21,0,0,11,0,0
5/30/21,0,0,11,0,0
5/31/21,0,1,11,0,0
6/1/21,0,0,11,15,480
6/2/21,0,0,11,11,485
6/3/21,0,0,11,18,1055
6/4/21,0,0,11,7,295
6/5/21,0,0,11,0,0
6/6/21,0,0,11,0,0
6/7/21,0,0,11,42,1775
6/8/21,0,0,11,30,1235
6/9/21,0,0,11,49,2525
6/10/21,0,0,11,39,1830
6/11/21,0,0,11,16,600
6/12/21,0,0,11,0,0
6/13/21,0,0,11,0,0
6/14/21,0,0,11,67,3185
6/15/21,0,0,11,74,3470
6/16/21,0,0,11,34,1415
6/17/21,0,0,11,19,760
6/18/21,0,0,11,48,2440
6/19/21,0,0,11,6,500
6/20/21,0,0,11,0,0
6/21/21,0,0,11,116,5225
6/22/21,0,0,11,72,3485
6/23/21,0,0,11,38,1740
6/24/21,0,0,11,63,2760
6/25/21,0,0,11,16,845
6/26/21,0,0,11,2,80
6/27/21,0,0,11,0,0
6/28/21,0,0,11,109,5975
6/29/21,0,0,11,103,5275
6/30/21,0,0,11,63,3530
7/1/21,0,0,11,127,6260
7/2/21,0,0,11,69,3280
7/3/21,0,0,11,8,320
7/4/21,0,1,11,2,80
7/5/21,0,0,11,7,280
7/6/21,0,0,11,93,4280
7/7/21,0,0,11,93,4400
7/8/21,0,0,11,75,3545
7/9/21,0,0,11,63,3015
7/10/21,0,0,11,2,80
7/11/21,0,0,11,6,240
7/12/21,0,0,11,98,4730
7/13/21,0,0,11,101,4445
7/14/21,0,0,11,102,4990
7/15/21,0,0,11,107,5265
7/16/21,0,0,11,70,3165
7/17/21,0,0,11,12,480
7/18/21,0,0,11,3,120
7/19/21,0,0,11,71,3450
7/20/21,0,0,11,73,3890
7/21/21,0,0,11,77,3465
7/22/21,0,0,11,60,2900
7/23/21,0,0,11,68,3020
7/24/21,0,0,11,3,120
7/25/21,0,0,11,2,80
7/26/21,0,0,11,94,4810
7/27/21,0,0,11,101,5195
7/28/21,0,0,11,104,5350
7/29/21,0,0,11,110,5825
7/30/21,0,0,11,90,4590
7/31/21,0,0,11,3,120
8/1/21,0,0,11,5,200
8/2/21,0,0,11,46,2065
8/3/21,0,0,11,37,2440
8/4/21,0,0,11,35,965
8/5/21,0,0,11,40,1675
8/6/21,0,0,11,40,2095
8/7/21,0,0,11,0,0
8/8/21,0,0,11,0,0
8/9/21,0,0,11,40,2280
8/10/21,0,0,11,73,3155
8/11/21,0,0,11,38,1835
8/12/21,0,0,11,39,2055
8/13/21,0,0,11,31,1415
8/14/21,0,0,11,0,0
8/15/21,0,0,11,0,0
8/16/21,1,0,11,64,2235
8/17/21,1,0,11,37,1455
8/18/21,0,0,1,1,40
8/19/21,0,0,1,0,0
8/20/21,0,0,1,6,175
8/21/21,0,0,1,0,0
8/22/21,0,0,1,0,0
8/23/21,0,0,1,17,640
8/24/21,0,0,1,43,280
8/25/21,0,0,12,12,0
8/26/21,0,0,12,18,200
8/27/21,0,0,12,129,675
8/28/21,0,0,12,0,0
8/29/21,0,0,12,0,0
8/30/21,0,0,12,156,600
8/31/21,0,0,12,105,1285
9/1/21,0,0,12,104,2915
9/2/21,0,0,12,159,3250
9/3/21,0,0,12,179,2330
9/4/21,0,0,12,0,0
9/5/21,0,0,12,0,0
9/6/21,0,1,12,3,120
9/7/21,0,0,12,199,11680
9/8/21,0,0,12,265,14230
9/9/21,0,0,12,149,7940
9/10/21,0,0,12,167,8460
9/11/21,0,0,12,0,0
9/12/21,0,0,12,0,0
9/13/21,0,0,12,133,7980
9/14/21,0,0,12,133,7530
9/15/21,0,0,12,208,10330
9/16/21,0,0,12,215,10285
9/17/21,0,0,12,181,8705
9/18/21,0,0,12,0,0
9/19/21,0,0,12,1,40
9/20/21,0,0,12,279,14530
9/21/21,0,0,12,156,7245
9/22/21,0,0,12,263,13895
9/23/21,0,0,12,157,7675
9/24/21,0,0,12,219,11035
9/25/21,0,0,12,0,0
9/26/21,0,0,12,0,0
9/27/21,0,0,12,267,12715
9/28/21,0,0,12,134,6200
9/29/21,0,0,12,261,13900
9/30/21,0,0,12,128,6115
10/1/21,0,0,12,142,6535
10/2/21,0,0,12,0,0
10/3/21,0,0,12,0,0
10/4/21,0,0,12,209,10665
10/5/21,0,0,12,117,5390
10/6/21,0,0,12,257,13060
10/7/21,0,0,12,105,5035
10/8/21,0,0,12,152,6835
10/9/21,0,0,12,0,0
10/10/21,0,0,12,0,0
10/11/21,0,0,12,235,12420
10/12/21,0,0,12,112,5680
10/13/21,0,0,12,242,13205
10/14/21,0,0,12,234,11115
10/15/21,0,0,12,167,8085
10/16/21,0,0,12,0,0
10/17/21,0,0,12,1,40
10/18/21,0,0,12,223,10220
10/19/21,0,0,12,218,10775
10/20/21,0,0,12,215,10365
10/21/21,0,0,12,162,7670
10/22/21,0,0,12,137,5975
10/23/21,0,0,12,0,0
10/24/21,0,0,12,0,0
10/25/21,0,0,12,109,5920
10/26/21,0,0,12,164,8490
10/27/21,0,0,12,155,7735
10/28/21,0,0,12,178,8060
10/29/21,0,0,12,105,5900
10/30/21,0,0,12,27,1080
10/31/21,0,0,12,5,200
11/1/21,0,0,12,211,10505
11/2/21,0,0,12,144,7115
11/3/21,0,0,12,244,11420
11/4/21,0,0,12,213,10185
11/5/21,0,0,12,179,8595
11/6/21,0,0,12,22,880
11/7/21,0,0,12,7,280
11/8/21,0,0,12,262,12230
11/9/21,0,0,12,201,9855
11/10/21,0,0,12,269,12045
11/11/21,0,0,12,223,10840
11/12/21,0,0,12,117,5520
11/13/21,0,0,12,0,0
11/14/21,0,0,12,2,80
11/15/21,0,0,12,184,8590
11/16/21,0,0,12,179,8085
11/17/21,0,0,12,182,7950
11/18/21,0,0,12,183,8285
11/19/21,0,0,12,163,7225
11/20/21,0,0,12,1,40
11/21/21,0,0,12,1,40
11/22/21,0,0,12,218,10290
11/23/21,0,0,12,153,6990
11/24/21,0,0,12,98,4935
11/25/21,0,1,12,0,0
11/26/21,0,1,12,1,40
11/27/21,0,1,12,8,320
11/28/21,0,0,12,3,120
11/29/21,0,0,12,255,11640
11/30/21,0,0,12,188,8035
12/1/21,0,0,12,211,9745
12/2/21,0,0,12,211,9300
12/3/21,0,0,12,171,8190
12/4/21,0,0,12,22,880
12/5/21,0,0,12,12,480
12/6/21,0,0,12,183,8505
12/7/21,0,0,12,183,8680
12/8/21,0,1,12,91,5105
12/9/21,1,0,12,141,6510
12/10/21,1,0,12,95,4715
12/11/21,1,0,12,39,1560
12/12/21,1,0,12,3,120
12/13/21,1,0,12,136,6370
12/14/21,1,0,12,86,3970
12/15/21,1,0,12,46,2085
12/16/21,0,0,1,0,0
12/17/21,0,0,1,0,0
12/18/21,0,0,1,5,200
12/19/21,0,0,1,0,0
12/20/21,0,0,1,20,810
12/21/21,0,0,1,7,280
12/22/21,0,0,1,11,360
12/23/21,0,0,1,1,40
12/24/21,0,0,1,0,0
12/25/21,0,0,1,0,0
12/26/21,0,0,1,0,0
12/27/21,0,0,1,0,0
12/28/21,0,0,1,0,0
12/29/21,0,0,1,0,0
12/30/21,0,0,1,0,0
12/31/21,0,0,1,0,0
1/1/22,0,0,1,0,0
1/2/22,0,0,1,0,0
1/3/22,0,0,1,14,610
1/4/22,0,0,1,11,440
1/5/22,0,0,1,33,1480
1/6/22,0,0,1,5,160
1/7/22,0,0,1,25,1085
1/8/22,0,0,1,0,0
1/9/22,0,0,1,0,0
1/10/22,0,0,1,8,355
1/11/22,0,0,1,3,80
1/12/22,0,0,1,2,80
1/13/22,0,0,1,1,55
1/14/22,0,0,1,0,0
1/15/22,0,0,1,0,0
1/16/22,0,0,1,0,0
1/17/22,0,1,1,0,0
1/18/22,0,0,13,4,160
1/19/22,0,0,13,23,900
1/20/22,0,0,13,22,855
1/21/22,0,0,13,15,590
1/22/22,0,0,13,1,40
1/23/22,0,0,13,0,0
1/24/22,0,0,13,7,315
1/25/22,0,0,13,6,275
1/26/22,0,0,13,3,120
1/27/22,0,0,13,0,0
1/28/22,0,0,13,12,630
1/29/22,0,0,13,0,0
1/30/22,0,0,13,0,0
1/31/22,0,0,13,0,0
2/1/22,0,0,13,7,150
2/2/22,0,0,13,0,0
2/3/22,0,0,13,0,0
2/4/22,0,0,13,0,0
2/5/22,0,0,13,0,0
2/6/22,0,0,13,0,0
2/7/22,0,0,13,97,1310
2/8/22,0,0,13,147,2640
2/9/22,0,0,13,85,2500
2/10/22,0,0,13,11,400
2/11/22,0,0,13,84,1290
2/12/22,0,0,13,0,0
2/13/22,0,0,13,0,0
2/14/22,0,0,13,210,10010
2/15/22,0,0,13,177,8565
2/16/22,0,0,13,122,6400
2/17/22,0,0,13,144,7605
2/18/22,0,0,13,105,5625
2/19/22,0,0,13,0,0
2/20/22,0,0,13,0,0
2/21/22,0,0,13,208,11385
2/22/22,0,0,13,155,8005
2/23/22,0,0,13,15,735
2/24/22,0,0,13,0,0
2/25/22,0,0,13,60,2590
2/26/22,0,0,13,0,0
2/27/22,0,0,13,0,0
2/28/22,0,0,13,123,6670
3/1/22,0,0,13,210,10190
3/2/22,0,0,13,125,6485
3/3/22,0,0,13,179,9890
3/4/22,0,0,13,140,6925
3/5/22,0,0,13,0,0
3/6/22,0,0,13,0,0
3/7/22,0,0,13,142,6895
3/8/22,0,0,13,152,8225
3/9/22,0,0,13,112,5660
3/10/22,0,0,13,111,5650
3/11/22,0,0,13,91,4745
3/12/22,0,0,13,0,0
3/13/22,0,0,13,0,0
3/14/22,0,0,13,31,1495
3/15/22,0,0,13,63,3585
3/16/22,0,0,13,3,155
3/17/22,0,0,13,0,0
3/18/22,0,0,13,6,270
3/19/22,0,0,13,0,0
3/20/22,0,0,13,0,0
3/21/22,0,0,13,136,6630
3/22/22,0,0,13,126,6865
3/23/22,0,0,13,132,6265
3/24/22,0,0,13,199,10440
3/25/22,0,0,13,38,1825
3/26/22,0,0,13,0,0
3/27/22,0,0,13,0,0
3/28/22,0,0,13,123,5565
3/29/22,0,0,13,138,7085
3/30/22,0,0,13,111,5475
3/31/22,0,0,13,170,7600
4/1/22,0,0,13,85,4305
4/2/22,0,0,13,0,0
4/3/22,0,0,13,0,0
4/4/22,0,0,13,133,6500
4/5/22,0,0,13,183,8680
4/6/22,0,0,13,115,5820
4/7/22,0,0,13,148,7375
4/8/22,0,0,13,77,3280
4/9/22,0,0,13,0,0
4/10/22,0,0,13,0,0
4/11/22,0,0,13,117,5890
4/12/22,0,0,13,166,9015
4/13/22,0,0,13,85,3815
4/14/22,0,0,13,184,8865
4/15/22,0,0,13,93,4950
4/16/22,0,0,13,0,0
4/17/22,0,0,13,0,0
4/18/22,0,0,13,91,5080
4/19/22,0,0,13,166,9015
4/20/22,0,0,13,84,4030
4/21/22,0,0,13,101,4570
4/22/22,0,0,13,78,3240
4/23/22,0,0,13,0,0
4/24/22,0,0,13,0,0
4/25/22,0,0,13,93,4850
4/26/22,0,0,13,55,2630
4/27/22,0,0,13,99,4535
4/28/22,0,0,13,112,5690
4/29/22,0,0,13,22,810
4/30/22,0,0,13,0,0
5/1/22,0,0,13,0,0
5/2/22,0,0,13,46,2045
5/3/22,0,0,13,139,6740
5/4/22,0,0,13,71,3590
5/5/22,1,0,13,146,7700
5/6/22,1,0,13,102,5085
5/7/22,1,0,13,0,0
5/8/22,1,0,13,0,0
5/9/22,1,0,13,28,1460
5/10/22,1,0,13,14,705
5/11/22,1,0,13,0,0
5/12/22,0,0,1,0,0
5/13/22,0,0,1,0,0
5/14/22,0,0,1,0,0
5/15/22,0,0,1,0,0
5/16/22,0,0,14,1,40
5/17/22,0,0,14,94,4910
5/18/22,0,0,14,127,6660
5/19/22,0,0,14,100,4460
5/20/22,0,0,14,103,1645
5/21/22,0,0,14,0,0
5/22/22,0,0,14,0,0
5/23/22,0,0,14,59,560
5/24/22,0,0,14,87,1365
5/25/22,0,0,14,20,525
5/26/22,0,0,14,11,135
5/27/22,0,0,14,20,440
5/28/22,0,0,14,0,0
5/29/22,0,0,14,0,0
5/30/22,0,1,14,0,0
5/31/22,0,0,14,108,2180
6/1/22,0,0,14,119,1665
6/2/22,0,0,14,68,945
6/3/22,0,0,14,22,475
6/4/22,0,0,14,0,0
6/5/22,0,0,14,0,0
6/6/22,0,0,14,108,5835
6/7/22,0,0,14,185,9550
6/8/22,0,0,14,142,7280
6/9/22,0,0,14,54,3100
6/10/22,0,0,14,16,770
6/11/22,0,0,14,0,0
6/12/22,0,0,14,0,0
6/13/22,0,0,14,115,5500
6/14/22,0,0,14,137,6875
6/15/22,0,0,14,20,945
6/16/22,0,0,14,74,3210
6/17/22,0,1,14,0,0
6/18/22,0,0,14,0,0
6/19/22,0,0,14,0,0
6/20/22,0,0,14,94,4565
6/21/22,0,0,14,104,5250
6/22/22,0,0,14,99,5510
6/23/22,0,0,14,47,2315
6/24/22,0,0,14,45,2290
6/25/22,0,0,14,0,0
6/26/22,0,0,14,0,0
6/27/22,0,0,14,123,7220
6/28/22,0,0,14,106,5345
6/29/22,0,0,14,93,5390
6/30/22,0,0,14,69,3195
7/1/22,0,0,14,43,2595
7/2/22,0,0,14,0,0
7/3/22,0,0,14,0,0
7/4/22,0,1,14,0,0
7/5/22,0,0,14,43,2435
7/6/22,0,0,14,75,3480
7/7/22,0,0,14,70,3520
7/8/22,0,0,14,65,3455
7/9/22,0,0,14,0,0
7/10/22,0,0,14,0,0
7/11/22,0,0,14,68,3265
7/12/22,0,0,14,118,5755
7/13/22,0,0,14,75,3715
7/14/22,0,0,14,106,5465
7/15/22,0,0,14,35,1850
7/16/22,0,0,14,0,0
7/17/22,0,0,14,0,0
7/18/22,0,0,14,112,5780
7/19/22,0,0,14,128,7280
7/20/22,0,0,14,55,3450
7/21/22,0,0,14,98,4755
7/22/22,0,0,14,68,3385
7/23/22,0,0,14,0,0
7/24/22,0,0,14,0,0
7/25/22,0,0,14,89,4355
7/26/22,0,0,14,134,7195
7/27/22,0,0,14,120,6200
7/28/22,0,0,14,81,3735
7/29/22,0,0,14,52,2505
7/30/22,0,0,14,0,0
7/31/22,0,0,14,0,0
8/1/22,0,0,14,109,5450
8/2/22,0,0,14,144,7230
8/3/22,0,0,14,117,5615
8/4/22,0,0,14,90,4690
8/5/22,0,0,14,79,3765
8/6/22,0,0,14,0,0
8/7/22,0,0,14,0,0
8/8/22,0,0,14,102,4935
8/9/22,0,0,14,64,3070
8/10/22,0,0,14,57,4620
8/11/22,1,0,14,66,3080
8/12/22,1,0,14,35,1365
8/13/22,0,0,1,0,0
8/14/22,0,0,1,0,0
8/15/22,0,0,1,90,5165
8/16/22,0,0,1,47,2085
8/17/22,0,0,1,83,4535
8/18/22,0,0,1,51,2665
8/19/22,0,0,1,0,0
8/20/22,0,0,1,0,0
8/21/22,0,0,1,0,0
8/22/22,0,0,15,36,810
8/23/22,0,0,15,76,685
8/24/22,0,0,15,201,2400
8/25/22,0,0,15,176,4180
8/26/22,0,0,15,277,5285
8/27/22,0,0,15,0,0
8/28/22,0,0,15,0,0
8/29/22,0,0,15,358,6805
8/30/22,0,0,15,440,8860
8/31/22,0,0,15,368,9425
9/1/22,0,0,15,300,7510
9/2/22,0,0,15,212,5535
9/3/22,0,0,15,0,0
9/4/22,0,0,15,0,0
9/5/22,0,1,15,0,0
9/6/22,0,0,15,298,13445
9/7/22,0,0,15,213,10650
9/8/22,0,0,15,210,11610
9/9/22,0,0,15,214,11710
9/10/22,0,0,15,0,0
9/11/22,0,0,15,0,0
9/12/22,0,0,15,250,14065
9/13/22,0,0,15,205,10375
9/14/22,0,0,15,151,7630
9/15/22,0,0,15,241,13350
9/16/22,0,0,15,152,9050
9/17/22,0,0,15,0,0
9/18/22,0,0,15,0,0
9/19/22,0,0,15,233,12125
9/20/22,0,0,15,242,13585
9/21/22,0,0,15,244,12460
9/22/22,0,0,15,230,12540
9/23/22,0,0,15,190,11445
9/24/22,0,0,15,0,0
9/25/22,0,0,15,0,0
9/26/22,0,0,15,234,13805
9/27/22,0,0,15,216,12565
9/28/22,0,0,15,152,8230
9/29/22,0,0,15,155,8455
9/30/22,0,0,15,1,55
10/1/22,0,0,15,0,0
10/2/22,0,0,15,0,0
10/3/22,0,0,15,197,11730
10/4/22,0,0,15,197,10275
10/5/22,0,0,15,152,7880
10/6/22,0,0,15,107,5915
10/7/22,0,0,15,130,6390
10/8/22,0,0,15,0,0
10/9/22,0,0,15,0,0
10/10/22,0,0,15,197,10435
10/11/22,0,0,15,228,12030
10/12/22,0,0,15,143,7975
10/13/22,0,0,15,103,5655
10/14/22,0,0,15,139,6710
10/15/22,0,0,15,0,0
10/16/22,0,0,15,0,0
10/17/22,0,0,15,157,8415
10/18/22,0,0,15,212,9895
10/19/22,0,0,15,144,6670
10/20/22,0,0,15,177,10425
10/21/22,0,0,15,133,7065
10/22/22,0,0,15,0,0
10/23/22,0,0,15,0,0
10/24/22,0,0,15,119,5525
10/25/22,0,0,15,228,11780
10/26/22,0,0,15,146,7415
10/27/22,0,0,15,167,9105
10/28/22,0,0,15,97,5120
10/29/22,0,0,15,0,0
10/30/22,0,0,15,0,0
10/31/22,0,0,15,121,5680
11/1/22,0,0,15,113,5470
11/2/22,0,0,15,160,8185
11/3/22,0,0,15,162,7775
11/4/22,0,0,15,82,3635
11/5/22,0,0,15,0,0
11/6/22,0,0,15,0,0
11/7/22,0,0,15,142,6530
11/8/22,0,0,15,160,6870
11/9/22,0,0,15,95,4545
11/10/22,0,0,15,197,9390
11/11/22,0,0,15,93,4300
11/12/22,0,0,15,0,0
11/13/22,0,0,15,0,0
11/14/22,0,0,15,114,5460
11/15/22,0,0,15,152,7385
11/16/22,0,0,15,150,7880
11/17/22,0,0,15,175,8205
11/18/22,0,0,15,137,6490
11/19/22,0,0,15,0,0
11/20/22,0,0,15,0,0
11/21/22,0,0,15,134,6140
11/22/22,0,0,15,137,6355
11/23/22,0,1,15,16,745
11/24/22,0,1,15,0,0
11/25/22,0,1,15,0,0
11/26/22,0,0,15,0,0
11/27/22,0,0,15,0,0
11/28/22,0,0,15,133,6065
11/29/22,0,0,15,201,10080
11/30/22,0,0,15,155,7565
12/1/22,0,0,15,197,9385
12/2/22,0,0,15,173,8700
12/3/22,0,0,15,0,0
12/4/22,0,0,15,0,0
12/5/22,0,0,15,106,4940
12/6/22,0,0,15,217,10190
12/7/22,0,1,15,156,8860
12/8/22,1,0,15,60,3315
12/9/22,1,0,15,137,6730
12/10/22,1,0,15,11,1010
12/11/22,1,0,15,0,0
12/12/22,1,0,15,143,7245
12/13/22,1,0,15,115,5675
12/14/22,1,0,15,40,1765
12/15/22,0,0,1,2,130
12/16/22,0,0,1,81,3685
12/17/22,0,0,1,0,0
12/18/22,0,0,1,0,0
12/19/22,0,0,1,52,2480
12/20/22,0,0,1,57,2730
12/21/22,0,0,1,12,575
12/22/22,0,0,1,0,0
12/23/22,0,0,1,0,0
12/24/22,0,0,1,0,0
12/25/22,0,0,1,0,0
12/26/22,0,0,1,0,0
12/27/22,0,0,1,0,0
12/28/22,0,0,1,0,0
12/29/22,0,0,1,0,0
12/30/22,0,0,1,0,0
12/31/22,0,0,1,0,0
1/1/23,0,0,1,0,0
1/2/23,0,0,1,2,115
1/3/23,0,0,1,5,220
1/4/23,0,0,1,3,165
1/5/23,0,0,1,3,120
1/6/23,0,0,1,5,200
1/7/23,0,0,1,0,0
1/8/23,0,0,1,0,0
1/9/23,0,0,1,0,0
1/10/23,0,0,1,1,0
1/11/23,0,0,1,1,75
1/12/23,0,0,1,0,0
1/13/23,0,0,1,0,0
1/14/23,0,0,1,0,0
1/15/23,0,0,1,0,0
1/16/23,0,1,1,0,0
1/17/23,0,0,16,68,715
1/18/23,0,0,16,49,1475
1/19/23,0,0,16,44,2475
1/20/23,0,0,16,161,3555
1/21/23,0,0,16,0,0
1/22/23,0,0,16,0,0
1/23/23,0,0,16,212,5320
1/24/23,0,0,16,125,3825
1/25/23,0,0,16,158,4195
1/26/23,0,0,16,216,5870
1/27/23,0,0,16,144,4420
1/28/23,0,0,16,0,0
1/29/23,0,0,16,0,0
1/30/23,0,0,16,47,2290
1/31/23,0,0,16,0,0
2/1/23,0,0,16,0,0
2/2/23,0,0,16,0,0
2/3/23,0,0,16,0,0
2/4/23,0,0,16,0,0
2/5/23,0,0,16,0,0
2/6/23,0,0,16,139,7110
2/7/23,0,0,16,166,9115
2/8/23,0,0,16,186,9710
2/9/23,0,0,16,238,12880
2/10/23,0,0,16,169,8095
2/11/23,0,0,16,0,0
2/12/23,0,0,16,0,0
2/13/23,0,0,16,182,9625
2/14/23,0,0,16,228,11245
2/15/23,0,0,16,230,12510
2/16/23,0,0,16,182,9880
2/17/23,0,0,16,188,9750
2/18/23,0,0,16,0,0
2/19/23,0,0,16,0,0
2/20/23,0,0,16,224,11625
2/21/23,0,0,16,231,12225
2/22/23,0,0,16,184,9930
2/23/23,0,0,16,115,5580
2/24/23,0,0,16,154,7795
2/25/23,0,0,16,4,220
2/26/23,0,0,16,0,0
2/27/23,0,0,16,180,9050
2/28/23,0,0,16,151,7920
3/1/23,0,0,16,167,9330
3/2/23,0,0,16,93,4860
3/3/23,0,0,16,122,6015
3/4/23,0,0,16,0,0
3/5/23,0,0,16,0,0
3/6/23,0,0,16,161,8275
3/7/23,0,0,16,261,13975
3/8/23,0,0,16,218,10985
3/9/23,0,0,16,193,9670
3/10/23,0,0,16,110,5280
3/11/23,0,0,16,0,0
3/12/23,0,0,16,0,0
3/13/23,0,0,16,17,1015
3/14/23,0,0,16,2,110
3/15/23,0,0,16,0,0
3/16/23,0,0,16,0,0
3/17/23,0,0,16,0,0
3/18/23,0,0,16,0,0
3/19/23,0,0,16,0,0
3/20/23,0,0,16,180,8180
3/21/23,0,0,16,87,4320
3/22/23,0,0,16,171,7750
3/23/23,0,0,16,145,7130
3/24/23,0,0,16,1,75
3/25/23,0,0,16,0,0
3/26/23,0,0,16,0,0
3/27/23,0,0,16,171,7340
3/28/23,0,0,16,156,7680
3/29/23,0,0,16,179,8080
3/30/23,0,0,16,148,7825
3/31/23,0,0,16,116,4690
4/1/23,0,0,16,0,0
4/2/23,0,0,16,0,0
4/3/23,0,0,16,157,6760
4/4/23,0,0,16,162,7155
4/5/23,0,0,16,139,6890
4/6/23,0,0,16,92,4275
4/7/23,0,0,16,122,5650
4/8/23,0,0,16,0,0
4/9/23,0,0,16,0,0
4/10/23,0,0,16,198,8880
4/11/23,0,0,16,156,7125
4/12/23,0,0,16,178,7855
4/13/23,0,0,16,139,6850
4/14/23,0,0,16,86,4295
4/15/23,0,0,16,0,0
4/16/23,0,0,16,0,0
4/17/23,0,0,16,132,6745
4/18/23,0,0,16,155,8300
4/19/23,0,0,16,152,7380
4/20/23,0,0,16,160,7935
4/21/23,0,0,16,127,6510
4/22/23,0,0,16,0,0
4/23/23,0,0,16,0,0
4/24/23,0,0,16,33,1565
4/25/23,0,0,16,9,635
4/26/23,0,0,16,0,0
4/27/23,0,0,16,0,0
4/28/23,0,0,16,0,0
4/29/23,0,0,16,0,0
4/30/23,0,0,16,0,0
5/1/23,0,0,16,192,8435
5/2/23,0,0,16,143,6625
5/3/23,0,1,16,171,8170
5/4/23,1,0,16,111,5780
5/5/23,1,0,16,3,205
5/6/23,1,0,16,0,0
5/7/23,1,0,16,0,0
5/8/23,1,0,16,143,7740
5/9/23,1,0,16,95,3835
5/10/23,1,0,16,47,1975
5/11/23,0,0,1,8,440
5/12/23,0,0,1,46,2335
5/13/23,0,0,1,0,0
5/14/23,0,0,17,0,0
5/15/23,0,0,17,66,560
5/16/23,0,0,17,5,0
5/17/23,0,0,17,21,185
5/18/23,0,0,17,114,1375
5/19/23,0,0,17,79,1270
5/20/23,0,0,17,0,0
5/21/23,0,0,17,0,0
5/22/23,0,0,17,39,1380
5/23/23,0,0,17,94,3985
5/24/23,0,0,17,24,1140
5/25/23,0,0,17,16,480
5/26/23,0,0,17,23,910
5/27/23,0,0,17,0,0
5/28/23,0,0,17,0,0
5/29/23,0,1,17,0,0
5/30/23,0,0,17,58,2275
5/31/23,0,0,17,95,4205
6/1/23,0,0,17,75,3225
6/2/23,0,0,17,66,2960
6/3/23,0,0,17,0,0
6/4/23,0,0,17,0,0
6/5/23,0,0,17,144,7435
6/6/23,0,0,17,124,6355
6/7/23,0,0,17,62,3395
6/8/23,0,0,17,119,6445
6/9/23,0,0,17,33,1810
6/10/23,0,0,17,0,0
6/11/23,0,0,17,0,0
6/12/23,0,0,17,72,4190
6/13/23,0,0,17,90,4330
6/14/23,0,0,17,28,1365
6/15/23,0,0,17,108,5645
6/16/23,0,0,17,25,1525
6/17/23,0,0,17,0,0
6/18/23,0,0,17,0,0
6/19/23,0,1,17,0,0
6/20/23,0,0,17,43,2505
6/21/23,0,0,17,106,5410
6/22/23,0,0,17,100,5380
6/23/23,0,0,17,73,3725
6/24/23,0,0,17,0,0
6/25/23,0,0,17,0,0
6/26/23,0,0,17,58,2625
6/27/23,0,0,17,64,3615
6/28/23,0,0,17,46,2145
6/29/23,0,0,17,52,2835
6/30/23,0,0,17,34,2065
7/1/23,0,0,17,0,0
7/2/23,0,0,17,1,40
7/3/23,0,0,17,0,0
7/4/23,0,1,17,0,0
7/5/23,0,0,17,53,2820
7/6/23,0,0,17,64,3570
7/7/23,0,0,17,32,1795
7/8/23,0,0,17,0,0
7/9/23,0,0,17,0,0
7/10/23,0,0,17,74,3925
7/11/23,0,0,17,85,4520
7/12/23,0,0,17,4,240
7/13/23,0,0,17,40,1840
7/14/23,0,0,17,27,1180
7/15/23,0,0,17,0,0
7/16/23,0,0,17,0,0
7/17/23,0,0,17,78,3200
7/18/23,0,0,17,41,2560
7/19/23,0,0,17,94,4930
7/20/23,0,0,17,87,4555
7/21/23,0,0,17,57,2930
7/22/23,0,0,17,0,0
7/23/23,0,0,17,0,0
7/24/23,0,0,17,86,4255
7/25/23,0,0,17,63,3095
7/26/23,0,0,17,68,3960
7/27/23,0,0,17,83,4980
7/28/23,0,0,17,42,2270
7/29/23,0,0,17,0,0
7/30/23,0,0,17,0,0
7/31/23,0,0,17,50,2510
8/1/23,0,0,17,33,1385
8/2/23,0,0,17,41,2595
8/3/23,0,0,17,47,3020
8/4/23,0,0,17,16,665
8/5/23,0,0,17,0,0
8/6/23,0,0,17,0,0
8/7/23,0,0,17,52,2435
8/8/23,0,0,17,15,640
8/9/23,0,0,17,29,1525
8/10/23,1,0,17,35,1930
8/11/23,1,0,17,11,560
8/12/23,0,0,1,0,0
8/13/23,0,0,1,0,0
8/14/23,0,0,1,23,940
8/15/23,0,0,1,45,2835
8/16/23,0,0,1,51,2150
8/17/23,0,0,1,0,0
8/18/23,0,0,1,0,0
8/19/23,0,0,1,0,0
8/20/23,0,0,1,0,0
8/21/23,0,0,18,104,4425
8/22/23,0,0,18,151,6580
8/23/23,0,0,18,225,4525
8/24/23,0,0,18,179,2995
8/25/23,0,0,18,218,5085
8/26/23,0,0,18,0,0
8/27/23,0,0,18,0,0
8/28/23,0,0,18,257,6095
8/29/23,0,0,18,441,11380
8/30/23,0,0,18,324,7225
8/31/23,0,0,18,353,11780
9/1/23,0,0,18,208,6430
9/2/23,0,0,18,0,0
9/3/23,0,0,18,0,0
9/4/23,0,1,18,0,0
9/5/23,0,0,18,161,7885
9/6/23,0,0,18,289,15690
9/7/23,0,0,18,248,9905
9/8/23,0,0,18,117,5160
9/9/23,0,0,18,0,0
9/10/23,0,0,18,0,0
9/11/23,0,0,18,255,11120
9/12/23,0,0,18,223,9290
9/13/23,0,0,18,177,6595
9/14/23,0,0,18,209,8240
9/15/23,0,0,18,89,2985
9/16/23,0,0,18,0,0
9/17/23,0,0,18,0,0
9/18/23,0,0,18,193,7730
9/19/23,0,0,18,203,8310
9/20/23,0,0,18,198,7500
9/21/23,0,0,18,226,8150
9/22/23,0,0,18,128,5205
9/23/23,0,0,18,0,0
9/24/23,0,0,18,0,0
9/25/23,0,0,18,215,7600
9/26/23,0,0,18,146,4375
9/27/23,0,0,18,186,6620
9/28/23,0,0,18,248,9110
9/29/23,0,0,18,69,2825
9/30/23,0,0,18,0,0
10/1/23,0,0,18,0,0
10/2/23,0,0,18,183,7260
10/3/23,0,0,18,184,7305
10/4/23,0,0,18,147,5585
10/5/23,0,0,18,23,1075
10/6/23,0,0,18,0,0
10/7/23,0,0,18,0,0
10/8/23,0,0,18,0,0
10/9/23,0,0,18,131,4155
10/10/23,0,0,18,148,5465
10/11/23,0,0,18,214,8920
10/12/23,0,0,18,221,7545
10/13/23,0,0,18,142,4895
10/14/23,0,0,18,0,0
10/15/23,0,0,18,0,0
10/16/23,0,0,18,111,3190
10/17/23,0,0,18,181,6650
10/18/23,0,0,18,110,3830
10/19/23,0,0,18,202,8535
10/20/23,0,0,18,141,5455
10/21/23,0,0,18,0,0
10/22/23,0,0,18,0,0
10/23/23,0,0,18,125,4775
10/24/23,0,0,18,205,8025
10/25/23,0,0,18,191,7390
10/26/23,0,0,18,159,5745
10/27/23,0,0,18,108,4100
10/28/23,0,0,18,0,0
10/29/23,0,0,18,0,0
10/30/23,0,0,18,158,4100
10/31/23,0,0,18,190,7140
11/1/23,0,0,18,190,7565
11/2/23,0,0,18,211,7465
11/3/23,0,0,18,123,5535
11/4/23,0,0,18,0,0
11/5/23,0,0,18,0,0
11/6/23,0,0,18,131,5115
11/7/23,0,0,18,188,6865
11/8/23,0,0,18,148,5125
11/9/23,0,0,18,166,6620
11/10/23,0,0,18,75,2950
11/11/23,0,0,18,2,150
11/12/23,0,0,18,0,0
11/13/23,0,0,18,178,5445
11/14/23,0,0,18,184,7410
11/15/23,0,0,18,202,8625
11/16/23,0,0,18,175,6255
11/17/23,0,0,18,115,4755
11/18/23,0,0,18,0,0
11/19/23,0,0,18,0,0
11/20/23,0,0,18,156,4465
11/21/23,0,0,18,121,4305
11/22/23,0,1,18,27,1100
11/23/23,0,1,18,0,0
11/24/23,0,1,18,0,0
11/25/23,0,0,18,0,0
11/26/23,0,0,18,0,0
11/27/23,0,0,18,164,5400
11/28/23,0,0,18,114,4285
11/29/23,0,0,18,99,3410
11/30/23,0,0,18,167,6415
12/1/23,0,0,18,124,5895
12/2/23,0,0,18,0,0
12/3/23,0,0,18,0,0
12/4/23,0,0,18,150,4295
12/5/23,0,0,18,101,3730
12/6/23,0,1,18,110,3920
12/7/23,1,0,18,173,7520
12/8/23,1,0,18,76,3040
12/9/23,1,0,18,1,100
12/10/23,1,0,18,0,0
12/11/23,1,0,18,114,4340
12/12/23,1,0,18,140,5200
12/13/23,1,0,18,37,1410
12/14/23,0,0,0,0,0
12/15/23,0,0,1,6,240
12/16/23,0,0,1,0,0
12/17/23,0,0,1,0,0
12/18/23,0,0,1,0,0
12/19/23,0,0,1,0,0
12/20/23,0,0,1,0,0
12/21/23,0,0,1,0,0
12/22/23,0,0,1,0,0
12/23/23,0,0,1,0,0
12/24/23,0,0,1,0,0
12/25/23,0,0,1,0,0
12/26/23,0,0,1,0,0
12/27/23,0,0,1,0,0
12/28/23,0,0,1,0,0
12/29/23,0,0,1,0,0
12/30/23,0,0,1,0,0
12/31/23,0,0,1,0,0
1/1/24,0,0,1,0,0
1/2/24,0,0,1,31,1230
1/3/24,0,0,1,32,1715
1/4/24,0,0,1,34,1630
1/5/24,0,0,1,38,2015
1/6/24,0,0,1,0,0
1/7/24,0,0,1,0,0
1/8/24,0,0,1,50,1590
1/9/24,0,0,1,52,2525
1/10/24,0,0,1,50,2580
1/11/24,0,0,1,69,2125
1/12/24,0,0,1,8,355
1/13/24,0,0,1,0,0
1/14/24,0,0,1,0,0
1/15/24,0,1,1,0,0
1/16/24,0,0,19,45,1475
1/17/24,0,0,19,140,1825
1/18/24,0,0,19,167,3455
1/19/24,0,0,19,62,850
1/20/24,0,0,19,0,0
1/21/24,0,0,19,0,0
1/22/24,0,0,19,204,3120
1/23/24,0,0,19,143,3145
1/24/24,0,0,19,174,3195
1/25/24,0,0,19,179,3195
1/26/24,0,0,19,112,2340
1/27/24,0,0,19,0,0
1/28/24,0,0,19,0,0
1/29/24,0,0,19,192,8955
1/30/24,0,0,19,145,6475
1/31/24,0,0,19,232,11945
2/1/24,0,0,19,187,9310
2/2/24,0,0,19,87,4675
2/3/24,0,0,19,0,0
2/4/24,0,0,19,0,0
2/5/24,0,0,19,268,14150
2/6/24,0,0,19,191,9710
2/7/24,0,0,19,160,7750
2/8/24,0,0,19,240,12090
2/9/24,0,0,19,70,3900
2/10/24,0,0,19,0,0
2/11/24,0,0,19,0,0
2/12/24,0,0,19,151,7680
2/13/24,0,0,19,173,8120
2/14/24,0,0,19,140,7230
2/15/24,0,0,19,97,4550
2/16/24,0,0,19,117,5495
2/17/24,0,0,19,0,0
2/18/24,0,0,19,0,0
2/19/24,0,0,19,154,7445
2/20/24,0,0,19,167,8945
2/21/24,0,0,19,143,7860
2/22/24,0,0,19,180,9330
2/23/24,0,0,19,104,5395
2/24/24,0,0,19,0,0
2/25/24,0,0,19,0,0
2/26/24,0,0,19,203,11245
2/27/24,0,0,19,121,6050
2/28/24,0,0,19,153,6870
2/29/24,0,0,19,153,8290
3/1/24,0,0,19,104,4855
3/2/24,0,0,19,0,0
3/3/24,0,0,19,0,0
3/4/24,0,0,19,0,0
3/5/24,0,0,19,0,0
3/6/24,0,0,19,0,0
3/7/24,0,0,19,0,0
3/8/24,0,0,19,0,0
3/9/24,0,0,19,0,0
3/10/24,0,0,19,0,0
3/11/24,0,0,19,0,0
3/12/24,0,0,19,0,0
3/13/24,0,0,19,0,0
3/14/24,0,0,19,0,0
3/15/24,0,0,19,0,0
3/16/24,0,0,19,0,0
3/17/24,0,0,19,0,0
3/18/24,0,0,19,0,0
3/19/24,0,0,19,0,0
3/20/24,0,0,19,0,0
3/21/24,0,0,19,0,0
3/22/24,0,0,19,0,0
3/23/24,0,0,19,0,0
3/24/24,0,0,19,0,0
3/25/24,0,0,19,0,0
3/26/24,0,0,19,0,0
3/27/24,0,0,19,0,0
3/28/24,0,0,19,0,0
3/29/24,0,0,19,0,0
3/30/24,0,0,19,0,0
3/31/24,0,0,19,0,0
4/1/24,0,0,19,0,0
4/2/24,0,0,19,0,0
4/3/24,0,0,19,0,0
4/4/24,0,0,19,0,0
4/5/24,0,0,19,0,0
4/6/24,0,0,19,0,0
4/7/24,0,0,19,0,0
4/8/24,0,0,19,0,0
4/9/24,0,0,19,0,0
4/10/24,0,0,19,0,0
4/11/24,0,0,19,0,0
4/12/24,0,0,19,0,0
4/13/24,0,0,19,0,0
4/14/24,0,0,19,0,0
4/15/24,0,0,19,0,0
4/16/24,0,0,19,0,0
4/17/24,0,0,19,0,0
4/18/24,0,0,19,0,0
4/19/24,0,0,19,0,0
4/20/24,0,0,19,0,0
4/21/24,0,0,19,0,0
4/22/24,0,0,19,0,0
4/23/24,0,0,19,0,0
4/24/24,0,0,19,0,0
4/25/24,0,0,19,0,0
4/26/24,0,0,19,0,0
4/27/24,0,0,19,0,0
4/28/24,0,0,19,0,0
4/29/24,0,0,19,0,0
4/30/24,0,0,19,0,0